"コード","銘柄名","市場","現在値","前日比(%)","ベータ(対TOPIX)"
"1301","極洋","東P","4435","-100.0(-2.21%)","0.61"
"1305","ｉＦＴＯＰＩＸ（年１回決算型）","東ETF","4101.0","-32.0(-0.77%)","0.98"
"1306","ＮＦ　ＴＯＰＩＸ連動型上場投信","東ETF","405.9","-4.0(-0.98%)","0.99"
"1308","上場インデックスファンドＴＯＰ","東ETF","4007.0","-40.0(-0.99%)","0.99"
"1309","上海株指数・上証５０連動型上場","東ETF","54010.0","-890.0(-1.62%)","0.44"
"130A","Ｖｅｒｉｔａｓ　Ｉｎ　Ｓｉｌｉ","東G","392","-40.0(-9.26%)","1.07"
"1311","ＮＦ　ＴＯＰＩＸ　Ｃｏｒｅ３０","東ETF","2013.0","+3.0(+0.15%)","1.04"
"1319","ＮＦ日経３００株価指数連動型","東ETF","712.1","-9.9(-1.37%)","0.48"
"1320","ｉＦ日経２２５（年１回決算型）","東ETF","63430.0","-640.0(-1.00%)","1.08"
"1321","ＮＦ日経２２５連動型上場投信","東ETF","63740.0","-540.0(-0.84%)","1.07"
"1322","中国Ａ株パンダＣＳＩ３００","東ETF","11915.0","-55.0(-0.46%)","0.46"
"1325","ＮＦボベスパ連動型上場投信","東ETF","302.0","-3.4(-1.11%)","0.62"
"1326","ＳＰＤＲゴールド・シェア","東ETF","66160.0","-450.0(-0.68%)","0.38"
"1328","ＮＦ金価格連動型上場投資信託","東ETF","17070.0","-95.0(-0.55%)","0.41"
"1329","ｉＳコア　日経２２５","東ETF","6338.0","-62.0(-0.97%)","1.07"
"1330","上場インデックスファンド２２５","東ETF","63780.0","-520.0(-0.81%)","1.09"
"1332","ニッスイ","東P","1315.5","+0.0(+0.00%)","0.69"
"1333","Ｕｍｉｏｓ","東P","1258.0","+3.0(+0.24%)","0.53"
"133A","グローバルＸ　超短期米国債","東ETF","1078.0","+2.0(+0.19%)","0.15"
"1343","ＮＦ東証ＲＥＩＴ連動型投信","東ETF","1948.0","-27.5(-1.39%)","0.23"
"1345","上場Ｊリート隔月分配型","東ETF","1848.0","-9.0(-0.48%)","0.25"
"1346","ＭＡＸＩＳ　日経２２５上場投信","東ETF","63360.0","-640.0(-1.00%)","1.05"
"1348","ＭＡＸＩＳ　トピックス上場投信","東ETF","4016.0","-29.0(-0.72%)","0.99"
"1349","ＡＢＦ汎アジア債券","東ETF","17760.0","+140.0(+0.79%)","0.23"
"1356","ＴＯＰＩＸベア２倍上場投信","東ETF","125.0","+2.4(+1.96%)","-2.02"
"1357","ＮＦ日経平均ダブルインバース","東ETF","3568.0","+68.0(+1.94%)","-2.23"
"1358","上場日経レバレッジ指数","東ETF","116700.0","-2,250.0(-1.89%)","2.14"
"135A","ＶＲＡＩＮ　Ｓｏｌｕｔｉｏｎ","東G","4250","+390.0(+10.10%)","1.33"
"1360","日経平均ベア２倍上場投信","東ETF","87.6","+1.8(+2.10%)","-2.22"
"1364","ｉシェアーズ　ＪＰＸ日経４００","東ETF","3593.0","-67.0(-1.83%)","0.93"
"1365","ｉＦ日経平均レバレッジ","東ETF","3753.0","-70.0(-1.83%)","2.20"
"1366","ｉＦ日経平均ダブルインバース","東ETF","90.0","+2.0(+2.27%)","-2.22"
"1367","ｉＦＴＰＸレバレッジ（２倍）","東ETF","2766.0","-27.0(-0.97%)","1.97"
"1368","ｉＦＴＰＸダブルインバース","東ETF","182.0","+3.0(+1.68%)","-1.98"
"1369","ＤＩＡＭ　ＥＴＦ　日経２２５","東ETF","62120.0","-380.0(-0.61%)","1.04"
"1375","ユキグニファクトリー","東P","1057","-11.0(-1.03%)","0.38"
"1376","カネコ種苗","東S","1417","+5.0(+0.35%)","0.37"
"1377","サカタのタネ","東P","4075","-25.0(-0.61%)","0.45"
"1379","ホクト","東P","1918","+22.0(+1.16%)","0.30"
"137A","Ｃｏｃｏｌｉｖｅ","東G","710","-28.0(-3.79%)","0.86"
"1380","秋川牧園","東S","1001","-9.0(-0.89%)","0.14"
"1381","アクシーズ","東S","3965","-50.0(-1.25%)","0.20"
"1382","ホーブ","東S","1527","-12.0(-0.78%)","0.71"
"1383","ベルグアース","東S","2878","+10.0(+0.35%)","0.16"
"1384","ホクリヨウ","東S","2248","-255.0(-10.19%)","0.62"
"138A","光フードサービス","東G","3190","-15.0(-0.47%)","0.77"
"1397","ＳＭＤＡＭ日経２２５","東ETF","61490.0","-510.0(-0.82%)","1.08"
"1398","ＳＭＤＡＭ東証ＲＥＩＴ指数","東ETF","1868.5","-18.5(-0.98%)","0.25"
"1399","上場ＭＳＣＩ日本株高配当低ボラ","東ETF","2932.0","-14.0(-0.48%)","0.66"
"1401","エムビーエス","東G","1300","+20.0(+1.56%)","0.62"
"1407","ウエストＨＬＤＧ","東S","2980","-25.0(-0.83%)","0.76"
"140A","ｉＦ米国１０年国債先物インバ","東ETF","2011.0","+11.0(+0.55%)","0.03"
"1414","ショーボンドＨＬＤＧ","東P","1283.5","-36.0(-2.73%)","0.45"
"1417","ミライト・ワン","東P","3982.0","-59.0(-1.46%)","0.79"
"1418","インターライフＨＬＤＧ","東S","523","-5.0(-0.95%)","0.78"
"1419","タマホーム","東P","3600","-35.0(-0.96%)","0.46"
"141A","トライアルＨＬＤＧ","東G","2911","-659.0(-18.46%)","0.62"
"1420","サンヨーホームズ","東S","608","-6.0(-0.98%)","0.35"
"1429","日本アクア","東P","691","-23.0(-3.22%)","0.77"
"142A","ジンジブ","東G","950","+150.0(+18.75%)","0.82"
"1430","ファーストコーポレーション","東S","1030","-13.0(-1.25%)","0.60"
"1431","Ｌｉｂ　Ｗｏｒｋ","東G","638","-6.0(-0.93%)","0.59"
"1433","ベステラ","東P","1036","-6.0(-0.58%)","0.83"
"1434","ＪＥＳＣＯ　ＨＬＤＧ","東S","2270","-143.0(-5.93%)","1.11"
"1435","ｒｏｂｏｔ　ｈｏｍｅ","東S","169","-12.0(-6.63%)","1.03"
"1436","グリーンエナジー＆カンパニー","東G","1936","+83.0(+4.48%)","0.72"
"1438","岐阜造園","東S","1939","-11.0(-0.56%)","0.38"
"143A","イシン","東G","708","-11.0(-1.53%)","0.85"
"1443","技研ＨＬＤＧ","東S","280","-4.0(-1.41%)","0.80"
"1444","ニッソウ","東G","2775","+0.0(+0.00%)","0.53"
"1446","キャンディル","東S","521","+0.0(+0.00%)","0.46"
"1447","ＳＡＡＦＨＬＤＧ","東G","284","-17.0(-5.65%)","1.04"
"1449","ＦＵＪＩジャパン","札","-","- (-%)","0.17"
"1450","ＴＡＮＡＫＥＮ","東S","1453","+4.0(+0.28%)","0.41"
"1456","ｉＦ日経平均インバース","東ETF","1411.0","+14.0(+1.00%)","-1.10"
"1457","ｉＦＴＯＰＩＸインバース","東ETF","1906.0","+17.0(+0.90%)","-1.00"
"1458","楽天ＥＴＦ日経レバレッジ指数","東ETF","72660.0","-1,590.0(-2.14%)","2.19"
"1459","楽天ＥＴＦ日経ダブルインバース","東ETF","143.0","+1.0(+0.70%)","-2.19"
"145A","Ｌ　ｉｓ　Ｂ","東G","831","-24.0(-2.81%)","1.08"
"1466","ｉＦＪＰＸ４００ダブルインバ","東ETF","230.0","+2.0(+0.88%)","-1.79"
"1469","ＪＰＸ日経４００ベア２倍","東ETF","216.6","+2.5(+1.17%)","-1.71"
"146A","コロンビア・ワークス","東S","3125","-100.0(-3.10%)","1.19"
"1472","ＮＦ　ＪＰＸ４００ダブルインバ","東ETF","89.0","+1.0(+1.14%)","-1.71"
"1473","ＤＩＡＭ　ＥＴＦ　トピックス","東ETF","3931.0","-40.0(-1.01%)","0.97"
"1474","ＤＩＡＭ　ＪＰＸ日経４００","東ETF","35440.0","-90.0(-0.25%)","0.92"
"1475","ｉＳコア　ＴＯＰＩＸ","東ETF","396.0","-3.7(-0.93%)","0.98"
"1476","ｉＳコア　Ｊリート","東ETF","1867.0","-16.0(-0.85%)","0.23"
"1477","ｉシェアーズＭＳＣＩ最小分散","東ETF","3161.0","-5.0(-0.16%)","0.73"
"1478","ｉシェアーズＭＳＣＩ高配当","東ETF","5038.0","-87.0(-1.70%)","0.85"
"1479","ｉＦＭＳＣＩ日本株人材設備","東ETF","-","- (-%)","0.12"
"147A","ソラコム","東G","985","-4.0(-0.40%)","1.12"
"1480","ＮＦ野村企業価値分配指数連動型","東ETF","-","- (-%)","0.22"
"1481","上場日本経済貢献株","東ETF","3450.0","+0.0(+0.00%)","0.64"
"1482","ｉＳ米国債７―１０年円ヘッジ","東ETF","1559.0","-7.0(-0.45%)","-0.03"
"1483","ｉＳ　ＪＰＸ／Ｓ＆Ｐ設備・人材","東ETF","3394.0","+0.0(+0.00%)","0.59"
"1484","Ｏｎｅ設備人材投資","東ETF","3430.0","+0.0(+0.00%)","0.79"
"1485","ＭＸＳ積極投資企業２００上場","東ETF","50250.0","+0.0(+0.00%)","0.26"
"1486","上場米国債券（為替ヘッジなし）","東ETF","24180.0","-85.0(-0.35%)","0.12"
"1487","上場米国債券（為替ヘッジあり）","東ETF","12060.0","-65.0(-0.54%)","-0.02"
"1488","ＩＦ上場投信―東証ＲＥＩＴ","東ETF","1880.0","-22.0(-1.16%)","0.26"
"1489","ＮＦ日経平均高配当株５０指数","東ETF","3195.0","-57.0(-1.75%)","0.91"
"148A","ハッチ・ワーク","東G","1800","-7.0(-0.39%)","0.96"
"1490","上場ＭＳＣＩベータヘッジ","東ETF","-","- (-%)","-0.05"
"1491","中外鉱業","東S","771","-67.0(-8.00%)","0.89"
"1493","Ｏｎｅ　ＪＰＸ日経中小型","東ETF","25475.0","-110.0(-0.43%)","0.80"
"1494","Ｏｎｅ高配当日本株","東ETF","41930.0","-410.0(-0.97%)","0.59"
"1495","上場アジアリート","東ETF","11470.0","-230.0(-1.97%)","0.28"
"1496","ｉＳ米ドルＩＧ社債ヘッジ","東ETF","1666.0","-7.0(-0.42%)","0.07"
"1497","ｉＳ米ドルＨＹ社債ヘッジ","東ETF","1744.0","-8.0(-0.46%)","0.17"
"1498","Ｏｎｅ　ＥＴＦ　ＥＳＧ","東ETF","31440.0","-50.0(-0.16%)","1.04"
"1499","ＭＸＳ日本株高配当７０ＭＮ","東ETF","9070.0","-10.0(-0.11%)","0.06"
"149A","シンカ","東G","750","+8.0(+1.08%)","0.94"
"150A","ＪＳＨ","東G","356","-1.0(-0.28%)","0.74"
"1514","住石ＨＬＤＧ","東S","621","-83.0(-11.79%)","1.08"
"1515","日鉄鉱業","東P","2318","-290.0(-11.12%)","1.34"
"1518","三井松島ＨＬＤＧ","東P","1386","-19.0(-1.35%)","1.00"
"151A","ダイブ","東G","573","-1.0(-0.17%)","0.95"
"153A","カウリス","東G","1862","+92.0(+5.20%)","1.36"
"1540","純金上場信託","東ETF","21510.0","-185.0(-0.85%)","0.43"
"1541","純プラチナ上場信託","東ETF","9054.0","-187.0(-2.02%)","0.67"
"1542","純銀上場信託","東ETF","35130.0","-1,870.0(-5.05%)","0.73"
"1543","純パラジウム上場信託","東ETF","64700.0","-330.0(-0.51%)","0.47"
"1545","ＮＦ　ＮＡＳＤＡＱ―１００ヘな","東ETF","46400.0","-390.0(-0.83%)","0.95"
"1546","ＮＦダウ・ジョーンズ工業株３０","東ETF","76200.0","-1,130.0(-1.46%)","0.72"
"1547","上場米国株式Ｓ＆Ｐ５００","東ETF","12690.0","-120.0(-0.94%)","0.81"
"1550","ＭＸＳ外株（ＭＳＣＩコクサイ）","東ETF","7804.0","-70.0(-0.89%)","0.75"
"1551","東証スタンダードＴＯＰ２０","東ETF","7039.0","-260.0(-3.56%)","0.54"
"1553","ＭＡＸＩＳ　Ｓ＆Ｐ東海上場投信","名ETF","5326.0","+0.0(+0.00%)","0.64"
"1554","上場ＭＳＣＩ世界株式除く日本","東ETF","6520.0","-67.0(-1.02%)","0.76"
"1555","上場豪州リート","東ETF","2436.0","-57.0(-2.29%)","0.60"
"1557","ＳＳ　Ｓ＆Ｐ　５００　ＥＴＦ","東ETF","116750.0","-1,000.0(-0.85%)","0.72"
"1559","ＮＦタイ株式ＳＥＴ５０指数","東ETF","4461.0","-42.0(-0.93%)","0.53"
"155A","情報戦略テクノロジー","東G","880","-9.0(-1.01%)","1.13"
"1560","ＮＦ　ＦＴＳＥブルサＫＬＣＩ","東ETF","6914.0","-76.0(-1.09%)","0.36"
"1563","東証グロース・コアＥＴＦ","東ETF","2395.0","-49.0(-2.00%)","0.95"
"1566","上場新興国債券","東ETF","52910.0","-380.0(-0.71%)","0.23"
"1568","ＴＯＰＩＸブル２倍上場投信","東ETF","888.8","-20.4(-2.24%)","1.99"
"1569","ＴＯＰＩＸベア上場投信","東ETF","795.9","+3.1(+0.39%)","-1.01"
"156A","マテリアルグループ","東G","810","+23.0(+2.92%)","1.05"
"1570","ＮＦ日経レバ連動型上場投信","東ETF","60970.0","-1,270.0(-2.04%)","2.19"
"1571","ＮＦ日経インバ連動型上場投信","東ETF","331.0","+3.0(+0.91%)","-1.09"
"1572","中国Ｈ株ブル２倍上場投信","東ETF","7200.0","-180.0(-2.44%)","0.87"
"1573","中国Ｈ株ベア上場投信","東ETF","8270.0","+106.0(+1.30%)","-0.38"
"1577","ＮＦ野村日本株高配当７０連動型","東ETF","54110.0","-790.0(-1.44%)","0.85"
"1578","上場日経２２５（ミニ）","東ETF","4895.0","-42.0(-0.85%)","1.04"
"1579","日経平均ブル２倍上場投信","東ETF","658.4","-14.2(-2.11%)","2.21"
"157A","グリーンモンスター","東G","910","-24.0(-2.57%)","0.53"
"1580","日経平均ベア上場投信","東ETF","879.5","+9.0(+1.03%)","-1.11"
"1585","ｉＦＴＰＸ　Ｅｘ−Ｆｉｎ","東ETF","2587.0","-13.0(-0.50%)","0.65"
"1586","上場ＴＯＰＩＸ　Ｅｘ−Ｆｉｎ","東ETF","2960.0","-20.0(-0.67%)","0.89"
"1591","ＮＦ　ＪＰＸ日経４００連動型","東ETF","34820.0","-250.0(-0.71%)","0.85"
"1592","上場ＪＰＸ日経４００","東ETF","3215.0","-37.0(-1.14%)","0.91"
"1593","ＭＡＸＩＳ　ＪＰＸ日経４００","東ETF","35990.0","-630.0(-1.72%)","0.94"
"1595","ＮＺＡＭ東証ＲＥＩＴ指数","東ETF","1838.0","-30.0(-1.61%)","0.22"
"1596","ＮＺＡＭ　ＴＯＰＩＸ　Ｅｘ−Ｆ","東ETF","-","- (-%)","0.15"
"1597","ＭＡＸＩＳ　Ｊリート上場投信","東ETF","1862.0","-30.0(-1.59%)","0.22"
"1599","ｉＦ　ＪＰＸ日経４００","東ETF","35850.0","-140.0(-0.39%)","0.87"
"159A","ＮＦ　ＪＰＸプライム１５０","東ETF","682.6","-22.4(-3.18%)","0.87"
"1605","ＩＮＰＥＸ","東P","3934.0","+13.0(+0.33%)","0.87"
"160A","アズパートナーズ","東S","2194","+235.0(+12.00%)","0.93"
"1615","ＮＦ銀行業指数投信","東ETF","643.6","+3.9(+0.61%)","1.21"
"1617","ＮＦ食品ＴＰＸ１７","東ETF","45690.0","+180.0(+0.40%)","0.43"
"1618","ＮＦエネルギー資源ＴＰＸ１７","東ETF","35830.0","-560.0(-1.54%)","0.86"
"1619","ＮＦ建設・資材ＴＰＸ１７","東ETF","47500.0","-1,100.0(-2.26%)","0.75"
"1620","ＮＦ素材・化学ＴＰＸ１７","東ETF","37010.0","-490.0(-1.31%)","0.90"
"1621","ＮＦ医薬品ＴＰＸ１７","東ETF","30270.0","-80.0(-0.26%)","0.57"
"1622","ＮＦ自動車・輸送機ＴＰＸ１７","東ETF","33130.0","-1,370.0(-3.97%)","1.04"
"1623","ＮＦ鉄鋼・非鉄ＴＰＸ１７","東ETF","72640.0","-910.0(-1.24%)","1.35"
"1624","ＮＦ機械ＴＰＸ１７","東ETF","87250.0","-1,270.0(-1.43%)","1.20"
"1625","ＮＦ電機・精密ＴＰＸ１７","東ETF","60340.0","+170.0(+0.28%)","1.22"
"1626","ＮＦ情報通信サービスＴＰＸ１７","東ETF","41250.0","+390.0(+0.95%)","0.76"
"1627","ＮＦ電力・ガスＴＰＸ１７","東ETF","11710.0","-195.0(-1.64%)","0.71"
"1628","ＮＦ運輸・物流ＴＰＸ１７","東ETF","21000.0","+5.0(+0.02%)","0.42"
"1629","ＮＦ商社・卸売ＴＰＸ１７","東ETF","286.1","-10.7(-3.61%)","0.96"
"162A","ＡＩセレクトメガトレンドＥＴＮ","東ETF","16360.0","-310.0(-1.86%)","1.04"
"1630","ＮＦ小売ＴＰＸ１７","東ETF","35420.0","-420.0(-1.17%)","0.54"
"1631","ＮＦ銀行ＴＰＸ１７","東ETF","34450.0","+10.0(+0.03%)","1.23"
"1632","ＮＦ金融（除く銀行）ＴＰＸ１７","東ETF","39590.0","-220.0(-0.55%)","1.12"
"1633","ＮＦ不動産ＴＰＸ１７","東ETF","51030.0","-1,940.0(-3.66%)","0.82"
"163A","半導体フォーカス日本株ＥＴＮ","東ETF","18230.0","+40.0(+0.22%)","1.36"
"1651","ｉＦ　ＴＯＰＩＸ高配当４０","東ETF","3027.0","-64.0(-2.07%)","0.89"
"1652","ｉＦ　ＭＳＣＩ日本株女性活躍","東ETF","-","- (-%)","0.73"
"1653","ｉＦ　ＭＳＣＩＥＳＧセレクト","東ETF","-","- (-%)","0.95"
"1654","ｉＦ　ＦＴＳＥＪＰＸブロッサム","東ETF","3182.0","-67.0(-2.06%)","0.57"
"1655","ｉＳ　Ｓ＆Ｐ５００米国株","東ETF","843.4","-8.5(-1.00%)","0.81"
"1656","ｉＳコア米国債７―１０年","東ETF","310.7","-1.2(-0.38%)","0.11"
"1657","ｉＳコアＭＳＣＩ先進国株","東ETF","6987.0","-75.0(-1.06%)","0.72"
"1658","ｉＳコアＭＳＣＩ新興国株","東ETF","4250.0","+15.0(+0.35%)","0.73"
"1659","ｉＳ米国リート","東ETF","3743.0","-47.0(-1.24%)","0.53"
"1660","ＭＸＳ高利回りＪリート","東ETF","10660.0","-140.0(-1.30%)","0.24"
"1662","石油資源開発","東P","1933","-32.0(-1.63%)","0.79"
"1663","Ｋ＆Ｏエナジーグループ","東P","4365","-240.0(-5.21%)","1.06"
"166A","タスキＨＬＤＧ","東G","861","+5.0(+0.58%)","1.01"
"1671","ＷＴＩ原油価格連動型上場投信","東ETF","5926.0","+247.0(+4.35%)","-0.03"
"1672","ＷＴ　金","東ETF","66900.0","-400.0(-0.59%)","0.38"
"1673","ＷＴ　銀","東ETF","10920.0","-395.0(-3.49%)","0.63"
"1674","ＷＴ　白金","東ETF","28535.0","-410.0(-1.42%)","0.57"
"1675","ＷＴ　パラジウム","東ETF","20240.0","-350.0(-1.70%)","0.51"
"1676","ＷＴ　貴金属バスケット","東ETF","46870.0","-1,280.0(-2.66%)","0.34"
"1677","上場インデックスファンド外債","東ETF","59660.0","-280.0(-0.47%)","0.14"
"1678","ＮＦインドＮＩＦＴＹ５０","東ETF","304.2","-2.6(-0.85%)","0.56"
"1679","ＮＹダウ・インデックス上場投信","東ETF","-","- (-%)","0.60"
"167A","リョーサン菱洋ＨＬＤＧ","東P","2680","+16.0(+0.60%)","0.79"
"1680","上場ＭＳＣＩ―ＫＯＫＵＳＡＩ","東ETF","7960.0","-91.0(-1.13%)","0.79"
"1681","上場ＭＳＣＩ　エマージング","東ETF","3245.0","-30.0(-0.92%)","0.79"
"1684","ＷＴ　ブロード","東ETF","2624.5","+100.0(+3.96%)","0.15"
"1685","ＷＴ　エネルギー","東ETF","898.0","+40.7(+4.75%)","0.08"
"1686","ＷＴ　産業用金属","東ETF","3270.0","-10.0(-0.30%)","0.39"
"1687","ＷＴ　農産物","東ETF","1048.0","-2.0(-0.19%)","0.09"
"1688","ＷＴ　穀物","東ETF","587.3","+1.9(+0.32%)","0.10"
"1689","ＷＴ　天然ガス","東ETF","859.0","+25.0(+3.00%)","0.10"
"168A","イタミアート","東G","1220","+48.0(+4.10%)","0.96"
"1690","ＷＴ　ＷＴＩ　原油","東ETF","2638.5","+100.5(+3.96%)","0.11"
"1691","ＷＴ　ガソリン","東ETF","15520.0","+350.0(+2.31%)","0.15"
"1692","ＷＴ　アルミニウム","東ETF","753.0","-3.4(-0.45%)","0.29"
"1693","ＷＴ　銅","東ETF","8573.0","-146.0(-1.67%)","0.60"
"1694","ＷＴ　ニッケル","東ETF","2585.0","+1.5(+0.06%)","0.44"
"1695","ＷＴ　小麦","東ETF","3477.0","+71.0(+2.08%)","0.12"
"1696","ＷＴ　とうもろこし","東ETF","3073.0","-15.0(-0.49%)","0.08"
"1697","ＷＴ　大豆","東ETF","4585.0","+30.0(+0.66%)","0.21"
"1698","上場東証配当フォーカス１００","東ETF","4060.0","+0.0(+0.00%)","0.66"
"1699","ＮＦ原油インデックス連動型上場","東ETF","696.0","+26.8(+4.00%)","0.04"
"170A","ＳＭＴ日本好配当株アクティブ","東ETF","2959.0","-28.0(-0.94%)","0.91"
"1711","ＳＤＳＨＬＤＧ","東S","254","-12.0(-4.51%)","1.14"
"1716","第一カッター興業","東S","1415","+14.0(+1.00%)","0.40"
"1717","明豊ファシリティワークス","東S","917","-1.0(-0.11%)","0.53"
"1718","美樹工業","東S","6820","-300.0(-4.21%)","0.52"
"1719","安藤・間","東P","1838.5","-57.5(-3.03%)","0.61"
"1720","東急建設","東P","1216","-39.0(-3.11%)","0.71"
"1721","コムシスＨＬＤＧ","東P","5496.0","-185.0(-3.26%)","0.69"
"1723","日本電技","東S","2324","-181.0(-7.23%)","0.77"
"1724","シンクレイヤ","東S","710","-4.0(-0.56%)","0.55"
"1726","ビーアールＨＬＤＧ","東P","526","+0.0(+0.00%)","0.45"
"1736","オーテック","東S","2457","-58.0(-2.31%)","0.66"
"1738","ＮＩＴＴＯＨ","名M","585","-1.0(-0.17%)","0.42"
"173A","ハンモック","東G","1341","-15.0(-1.11%)","0.71"
"1758","太洋基礎工業","東S","2500","-138.0(-5.23%)","0.81"
"175A","Ｗｉｌｌ　Ｓｍａｒｔ","東G","648","-22.0(-3.28%)","0.90"
"1762","高松コンストラクショングループ","東P","3610","-145.0(-3.86%)","0.78"
"1764","工藤建設","東S","2967","-133.0(-4.29%)","0.63"
"1766","東建コーポレーション","東P","13020","-60.0(-0.46%)","0.42"
"1768","ソネック","東S","1029","-4.0(-0.39%)","0.47"
"1770","藤田エンジニアリング","東S","1720","+7.0(+0.41%)","0.73"
"1771","日本乾溜工業","福","954","+1.0(+0.10%)","0.36"
"1773","ワイ・ティー・エル","東P","79","-1.0(-1.25%)","0.60"
"1776","三井住建道路","東S","1991","+0.0(+0.00%)","0.58"
"1777","川崎設備工業","名M","2197","-14.0(-0.63%)","0.67"
"177A","コージンバイオ","東G","1190","-88.0(-6.89%)","0.77"
"1780","ヤマウラ","東P","1386","-56.0(-3.88%)","0.69"
"1783","ｆａｎｔａｓｉｓｔａ","東S","62","-1.0(-1.59%)","0.72"
"1786","オリエンタル白石","東P","325","-8.0(-2.40%)","0.66"
"1787","ナカボーテック","東S","5350","-70.0(-1.29%)","0.23"
"1788","三東工業社","東S","4750","+0.0(+0.00%)","0.30"
"178A","ＧＸ　革新的優良企業","東ETF","1617.0","-17.0(-1.04%)","0.98"
"1793","大本組","東S","1810","-33.0(-1.79%)","0.41"
"1795","マサル","東S","4750","-45.0(-0.94%)","0.68"
"1798","守谷商会","東S","1023","-17.0(-1.63%)","0.40"
"1799","第一建設工業","東S","3255","-85.0(-2.54%)","0.61"
"179A","ＧＸ　超長期米国債　有","東ETF","248.2","-2.8(-1.12%)","-0.00"
"1801","大成建設","東P","14205.0","-490.0(-3.33%)","1.05"
"1802","大林組","東P","3458.0","-100.0(-2.81%)","0.88"
"1803","清水建設","東P","2698.5","-83.5(-3.00%)","0.87"
"1807","佐藤渡辺","東S","1857","-17.0(-0.91%)","0.58"
"1808","長谷工コーポレーション","東P","2844.0","+160.0(+5.96%)","0.61"
"180A","ＧＸ　 超長期米国債","東ETF","288.4","-1.9(-0.65%)","0.13"
"1810","松井建設","東S","1378","-49.0(-3.43%)","0.93"
"1811","錢高組","東S","8300","-110.0(-1.31%)","1.08"
"1812","鹿島建設","東P","5650.0","-193.0(-3.30%)","1.05"
"1813","不動テトラ","東P","2813","-75.0(-2.60%)","0.81"
"1814","大末建設","東P","3205","-65.0(-1.99%)","0.96"
"1815","鉄建建設","東P","4730","-80.0(-1.66%)","0.88"
"181A","ＭＸＳ米国国債１−３ヘッジなし","東ETF","531.1","+0.5(+0.09%)","0.10"
"1820","西松建設","東P","5433.0","-151.0(-2.70%)","0.73"
"1822","大豊建設","東S","751","+5.0(+0.67%)","0.69"
"1826","佐田建設","東S","1000","-10.0(-0.99%)","0.53"
"1827","ナカノフドー建設","東S","1352","-93.0(-6.44%)","0.86"
"1828","田辺工業","東S","2273","-93.0(-3.93%)","0.74"
"182A","ＭＸＳ米国国債２０年超ヘッジ無","東ETF","492.1","-3.9(-0.79%)","0.14"
"1832","北海電工","札","1551","-20.0(-1.27%)","0.79"
"1833","奥村組","東P","5660","-290.0(-4.87%)","0.71"
"1835","東鉄工業","東P","4550","-200.0(-4.21%)","0.64"
"183A","ＭＸＳ米国国債２０年超ヘッジ有","東ETF","435.6","-4.8(-1.09%)","-0.08"
"1840","土屋ＨＬＤＧ","東S","219","+3.0(+1.39%)","0.67"
"1844","大盛工業","東S","524","-10.0(-1.87%)","0.95"
"1847","イチケン","東S","2590","+38.0(+1.49%)","0.77"
"1848","富士ピー・エス","東S","580","-8.0(-1.36%)","0.46"
"184A","学びエイド","東G","336","+2.0(+0.60%)","0.84"
"1850","南海辰村建設","東S","409","+0.0(+0.00%)","1.01"
"1852","淺沼組","東P","842","-12.0(-1.41%)","0.86"
"1853","森組","東S","315","+0.0(+0.00%)","0.39"
"1860","戸田建設","東P","1470.5","-21.0(-1.41%)","0.80"
"1861","熊谷組","東P","1426","+1.0(+0.07%)","0.71"
"1866","北野建設","東S","1100","-52.0(-4.51%)","0.67"
"1867","植木組","東S","2374","-69.0(-2.82%)","0.56"
"1869","名工建設","名M","1901","-11.0(-0.58%)","0.50"
"186A","アストロスケールＨＬＤＧ","東G","1892","-40.0(-2.07%)","1.52"
"1870","矢作建設工業","東P","1893","+5.0(+0.26%)","0.69"
"1871","ピーエス・コンストラクション","東P","2244","-206.0(-8.41%)","0.90"
"1873","日本ハウスＨＬＤＧ","東P","301","-3.0(-0.99%)","0.52"
"1878","大東建託","東P","3483.0","+26.0(+0.75%)","0.27"
"1879","新日本建設","東P","2233","-23.0(-1.02%)","0.87"
"1882","東亜道路工業","東P","1535","-23.0(-1.48%)","0.55"
"1885","東亜建設工業","東P","2521","-76.0(-2.93%)","1.08"
"1887","日本国土開発","東P","562","-20.0(-3.44%)","0.75"
"1888","若築建設","東P","3365","-330.0(-8.93%)","0.72"
"188A","ＧＸ　インド・トップ１０＋","東ETF","858.0","-11.0(-1.27%)","0.57"
"1892","徳倉建設","名M","-","- (-%)","0.15"
"1893","五洋建設","東P","1786.5","-156.5(-8.05%)","0.88"
"1897","金下建設","東S","3250","+70.0(+2.20%)","0.20"
"1898","世紀東急工業","東P","1450","-21.0(-1.43%)","0.63"
"1899","福田組","東P","7910","-270.0(-3.30%)","0.96"
"189A","Ｄ＆Ｍカンパニー","東G","952","+2.0(+0.21%)","0.85"
"1904","大成温調","東S","4990","+15.0(+0.30%)","0.79"
"1905","テノックス","東S","1454","-11.0(-0.75%)","0.46"
"1909","日本ドライケミカル","東S","3730","-5.0(-0.13%)","0.94"
"190A","Ｃｈｏｒｄｉａ　Ｔｈｅｒａｐｅ","東G","117","+0.0(+0.00%)","0.82"
"1911","住友林業","東P","1258.5","-37.0(-2.86%)","1.04"
"1914","日本基礎技術","東S","669","-17.0(-2.48%)","0.75"
"1921","巴コーポレーション","東S","1752","-110.0(-5.91%)","0.51"
"1925","大和ハウス工業","東P","4483.0","-55.0(-1.21%)","0.60"
"1926","ライト工業","東P","4065","-30.0(-0.73%)","0.49"
"1928","積水ハウス","東P","3339.0","-57.0(-1.68%)","0.79"
"1929","日特建設","東P","1151","-23.0(-1.96%)","0.61"
"192A","インテグループ","東G","1503","-7.0(-0.46%)","0.89"
"1930","北陸電気工事","東P","1608","-59.0(-3.54%)","0.84"
"1934","ユアテック","東P","2384","-92.0(-3.72%)","0.81"
"1938","日本リーテック","東P","2849","-72.0(-2.46%)","0.95"
"1939","四電工","東P","1960","-54.0(-2.68%)","0.69"
"1941","中電工","東P","4635","-190.0(-3.94%)","0.76"
"1942","関電工","東P","6470.0","-375.0(-5.48%)","0.81"
"1944","きんでん","東P","6916.0","-542.0(-7.27%)","0.66"
"1945","東京エネシス","東P","2323","+15.0(+0.65%)","0.95"
"1946","トーエネック","東P","2206","-118.0(-5.08%)","0.88"
"1948","弘電社","東S","6310","+70.0(+1.12%)","0.86"
"194A","ＷＯＬＶＥＳ　ＨＡＮＤ","東G","1402","+2.0(+0.14%)","0.96"
"1950","日本電設工業","東P","4425","-200.0(-4.32%)","0.84"
"1951","エクシオグループ","東P","2808.0","-109.0(-3.74%)","0.60"
"1952","新日本空調","東P","3365","-165.0(-4.67%)","1.23"
"1959","クラフティア","東P","8950.0","-386.0(-4.13%)","0.81"
"195A","ＭＵＳＣＡＴ　ＧＲＯＵＰ","東G","651","-15.0(-2.25%)","1.08"
"1960","サンテック","東S","1525","+21.0(+1.40%)","0.78"
"1961","三機工業","東P","2414","-161.0(-6.25%)","0.97"
"1963","日揮ＨＬＤＧ","東P","2594.0","-116.5(-4.30%)","1.09"
"1964","中外炉工業","東P","4365","-190.0(-4.17%)","1.06"
"1965","テクノ菱和","東S","6350","-460.0(-6.75%)","1.35"
"1966","高田工業所","東S","1618","-42.0(-2.53%)","1.08"
"1967","ヤマト","東S","2196","+0.0(+0.00%)","0.69"
"1968","太平電業","東P","2730","+13.0(+0.48%)","0.83"
"1969","高砂熱学工業","東P","4261.0","-259.0(-5.73%)","0.91"
"196A","ＭＦＳ","東G","251","+3.0(+1.21%)","0.97"
"1972","三晃金属工業","東S","1248","+3.0(+0.24%)","0.69"
"1975","朝日工業社","東P","3950","-195.0(-4.70%)","0.92"
"1976","明星工業","東P","1770","-10.0(-0.56%)","0.83"
"1979","大氣社","東P","3955","+220.0(+5.89%)","0.82"
"197A","タウンズ","東S","504","+1.0(+0.20%)","0.52"
"1980","ダイダン","東P","2550","-110.0(-4.14%)","1.27"
"1981","協和日成","東S","1337","-24.0(-1.76%)","0.45"
"1982","日比谷総合設備","東P","2993","-192.0(-6.03%)","1.07"
"198A","ＰｏｓｔＰｒｉｍｅ","東G","154","+2.0(+1.32%)","1.17"
"1992","神田通信機","東S","2751","+0.0(+0.00%)","0.23"
"1994","高橋カーテンウォール工業","東S","580","+4.0(+0.69%)","0.49"
"1997","暁飯島工業","東S","3595","-85.0(-2.31%)","0.58"
"1999","サイタＨＬＤＧ","福","4120","-50.0(-1.20%)","0.13"
"2001","ニップン","東P","2712","-1.0(-0.04%)","0.22"
"2002","日清製粉グループ本社","東P","2009.0","+67.5(+3.48%)","0.37"
"2003","日東富士製粉","東S","1753","-46.0(-2.56%)","0.39"
"2004","昭和産業","東P","3195","+35.0(+1.11%)","0.39"
"2009","鳥越製粉","東S","1078","-4.0(-0.37%)","0.42"
"200A","ＮＦ　日経半導体株指数連動型","東ETF","4266.0","+167.0(+4.07%)","1.52"
"2011","ＳＭＤＡＭ　Ａｃｔｉｖｅ","東ETF","807.3","-0.7(-0.09%)","0.71"
"2012","ｉＳ　米国債０−３ヶ月","東ETF","239.5","+0.8(+0.34%)","0.19"
"2013","ｉＳ　米国高配当株","東ETF","289.5","-0.9(-0.31%)","0.39"
"2014","ｉＳ　米国連続増配株","東ETF","295.2","-2.6(-0.87%)","0.54"
"2015","ｉＦ米国国債７−１０年　無","東ETF","2153.0","-7.0(-0.32%)","0.13"
"2016","ｉＦ米国国債７−１０年　有","東ETF","1787.0","-11.0(-0.61%)","-0.03"
"2017","ｉＦ　ＪＰＸプライム１５０","東ETF","1445.0","+3.0(+0.21%)","0.93"
"2018","グローバルＸ　ＵＳ　ＲＥＩＴ","東ETF","1245.0","-23.0(-1.81%)","0.49"
"2019","グローバルＸ　米国優先証券","東ETF","1040.0","-9.0(-0.86%)","0.28"
"201A","ｉＳ　Ｎｉｆｔｙ５０インド株","東ETF","176.2","-0.4(-0.23%)","0.53"
"2031","ＮＮ香港ハンセン・ブルＥＴＮ","東ETF","8180.0","-207.0(-2.47%)","0.91"
"2032","ＮＮ香港ハンセン・ベアＥＴＮ","東ETF","6073.0","+73.0(+1.22%)","-0.18"
"2033","ＮＮ韓国ＫＯＳＰＩ・ブルＥＴＮ","東ETF","103100.0","+50.0(+0.05%)","1.67"
"2034","ＮＮ韓国ＫＯＳＰＩ・ベアＥＴＮ","東ETF","1954.0","+28.0(+1.45%)","-0.60"
"2036","ＮＮ金先物ダブルブルＥＴＮ","東ETF","180400.0","-5,000.0(-2.70%)","0.76"
"2037","ＮＮ金先物ベアＥＴＮ","東ETF","1218.0","+4.0(+0.33%)","-0.47"
"2038","ＮＮドバイ原油先物ブル","東ETF","3088.0","+125.0(+4.22%)","0.44"
"2039","ＮＮドバイ原油先物ベア","東ETF","476.0","-14.0(-2.86%)","-0.15"
"2040","ＮＮ　ＮＹダウ・ダブル・ブル","東ETF","34580.0","-770.0(-2.18%)","0.85"
"2041","ＮＮ　ＮＹダウ・ベアＥＴＮ","東ETF","2099.0","+28.0(+1.35%)","-0.52"
"2042","ＮＮ東証グロース２５０ＥＴＮ","東ETF","8291.0","-73.0(-0.87%)","0.90"
"2043","ＮＮ　ＳＴＯＸＸアセアン５０","東ETF","27900.0","+365.0(+1.33%)","0.25"
"2044","ＮＮ　Ｓ＆Ｐ５００配当貴族","東ETF","32470.0","-130.0(-0.40%)","0.56"
"2045","ＮＮ　Ｓ＆Ｐシンガポールリート","東ETF","19945.0","+0.0(+0.00%)","0.15"
"2046","ＮＮインド・ダブル・ブル","東ETF","23720.0","-775.0(-3.16%)","0.89"
"2047","ＮＮインドＮｉｆｔｙ・ベア","東ETF","3471.0","+0.0(+0.00%)","-0.14"
"2048","ＮＮ野村日本株高配当７０ＥＴＮ","東ETF","-","- (-%)","0.91"
"2050","ＮＮニッチトップ中小型ＥＴＮ","東ETF","32180.0","-130.0(-0.40%)","0.59"
"2053","中部飼料","東P","1793","-11.0(-0.61%)","0.71"
"2055","日和産業","東S","333","+4.0(+1.22%)","0.48"
"2058","ヒガシマル","福","986","+1.0(+0.10%)","0.06"
"2060","フィード・ワン","東P","1235","-18.0(-1.44%)","0.65"
"2065","ＮＮ　日本株配当貴族","東ETF","55000.0","+0.0(+0.00%)","0.55"
"2066","ＮＮ　東証ＲＥＩＴドルヘッジ","東ETF","24380.0","+0.0(+0.00%)","0.09"
"2067","ＮＮ野村ＡＩビジネス７０ＥＴＮ","東ETF","27485.0","-500.0(-1.79%)","0.74"
"2068","ＮＮ高ベータ３０ＥＴＮ","東ETF","-","- (-%)","0.06"
"2069","ＮＮ低ベータ５０ＥＴＮ","東ETF","-","- (-%)","0.09"
"2070","ＥＳＧ３０ 女性活躍ＥＴＮ","東ETF","-","- (-%)","0.30"
"2071","スマート ＥＳＧ３０総合ＥＴＮ","東ETF","-","- (-%)","0.51"
"2072","トップシェアインデックスＥＴＮ","東ETF","21250.0","+0.0(+0.00%)","0.39"
"2073","ＥＳＧ３０低カーボンＥＴＮ","東ETF","-","- (-%)","0.04"
"2080","ＰＢＲ１倍割れ解消推進ＥＴＦ","東ETF","1850.0","+5.0(+0.27%)","0.92"
"2081","政策保有解消推進ＥＴＦ","東ETF","1962.0","-28.0(-1.41%)","0.93"
"2082","投資家経営者一心同体ＥＴＦ","東ETF","1130.0","-6.0(-0.53%)","0.49"
"2083","ＮＦ　日本成長株アクティブ","東ETF","3560.0","-26.0(-0.73%)","1.00"
"2084","ＮＦ　日本高配当株アクティブ","東ETF","3540.0","-57.0(-1.58%)","0.83"
"2085","ＭＸＳ高配当日本株アクティブ","東ETF","716.0","-4.0(-0.56%)","0.64"
"2086","ＮＺＡＭ　Ｓ＆Ｐ５００有","東ETF","2952.0","-52.0(-1.73%)","0.43"
"2087","ＮＺＡＭ　ＮＡＳＤＡＱ１００有","東ETF","3417.0","-29.0(-0.84%)","0.56"
"2088","ＮＺＡＭ　ＮＹダウ３０有","東ETF","2475.0","-44.0(-1.75%)","0.26"
"2089","ＮＺＡＭ　ＤＡＸ有","東ETF","2637.0","-60.0(-2.22%)","0.59"
"208A","構造計画研究所ＨＬＤＧ","東S","2955","-55.0(-1.83%)","0.56"
"2090","ＮＺＡＭ　米国国債７−１０年有","東ETF","4329.0","-19.0(-0.44%)","0.01"
"2091","ＮＺＡＭ　ドイツ国債７−１０年","東ETF","4496.0","-26.0(-0.57%)","0.02"
"2092","ＮＺＡＭ　フランス国債７−１０","東ETF","4574.0","-34.0(-0.74%)","-0.06"
"2093","上場　Ｔｒａｃｅｒｓ　米国債無","東ETF","5269.0","+7.0(+0.13%)","0.10"
"2094","東証ＲＥＩＴインバース","東ETF","795.0","+11.0(+1.40%)","-0.24"
"2095","グローバルＸ　Ｓ＆Ｐ５００有","東ETF","1085.0","-15.0(-1.36%)","0.26"
"2096","グローバルＸ　オフィス・Ｊ−Ｒ","東ETF","1004.0","-9.0(-0.89%)","0.23"
"2097","グローバルＸ　レジデンシャル","東ETF","1012.0","-4.0(-0.39%)","0.18"
"2098","グローバルＸ　ホテル＆リテール","東ETF","969.0","-1.0(-0.10%)","0.28"
"2108","日本甜菜製糖","東P","4240","+0.0(+0.00%)","0.70"
"2109","ＤＭ三井製糖","東P","3340","+50.0(+1.52%)","0.39"
"210A","ｉＦ　日経高利回りＲＥＩＴ指数","東ETF","1616.0","-17.0(-1.04%)","0.28"
"2112","塩水港精糖","東S","437","-8.0(-1.80%)","0.66"
"2114","フジ日本","東S","615","+0.0(+0.00%)","0.23"
"2117","ウェルネオシュガー","東P","2637","-66.0(-2.44%)","0.50"
"2120","ＬＩＦＵＬＬ","東P","184","-2.0(-1.08%)","0.95"
"2121","ＭＩＸＩ","東P","2640","-22.0(-0.83%)","0.51"
"2122","インタースペース","東S","1253","+3.0(+0.24%)","0.16"
"2124","ジェイエイシーリクルートメント","東P","844","+12.0(+1.44%)","0.48"
"2127","日本Ｍ＆ＡセンターＨＬＤＧ","東P","633.4","-4.9(-0.77%)","0.91"
"2130","メンバーズ","東P","1170","+1.0(+0.09%)","0.70"
"2134","北浜キャピタルパートナーズ","東S","29","-2.0(-6.45%)","1.17"
"2136","ヒップ","東S","1410","+12.0(+0.86%)","0.64"
"2137","光ハイツ・ヴェラス","札A","720","+0.0(+0.00%)","0.11"
"2138","クルーズ","東S","518","+3.0(+0.58%)","0.88"
"2139","中広","東S","495","-5.0(-1.00%)","0.46"
"213A","上場インデックスファンド日経","東ETF","395.4","+19.3(+5.13%)","1.46"
"2146","ＵＴグループ","東P","176","-6.0(-3.30%)","1.11"
"2148","アイティメディア","東P","1222","-1.0(-0.08%)","0.66"
"2152","幼児活動研究会","東S","1385","+0.0(+0.00%)","0.21"
"2153","Ｅ・Ｊ　ＨＬＤＧ","東P","1652","-5.0(-0.30%)","0.68"
"2154","オープンアップグループ","東P","1865","+4.0(+0.21%)","0.90"
"2156","セーラー広告","東S","274","+0.0(+0.00%)","0.52"
"2157","コシダカＨＬＤＧ","東P","993","-21.0(-2.07%)","0.49"
"2158","ＦＲＯＮＴＥＯ","東G","639","-150.0(-19.01%)","1.12"
"2160","ジーエヌアイグループ","東G","2688","-267.0(-9.04%)","1.41"
"2162","ｎｍｓ　ＨＬＤＧ","東S","396","+1.0(+0.25%)","0.78"
"2163","アルトナー","東P","1909","-13.0(-0.68%)","0.73"
"2164","地域新聞社","東S","300","+6.0(+2.04%)","0.83"
"2168","パソナグループ","東P","1696","+6.0(+0.36%)","0.70"
"2169","ＣＤＳ","東S","1814","-2.0(-0.11%)","0.18"
"2170","リンクアンドモチベーション","東P","534","+2.0(+0.38%)","0.98"
"2172","インサイト","札","394","+0.0(+0.00%)","0.22"
"2173","博展","東G","737","-63.0(-7.88%)","0.89"
"2175","エス・エム・エス","東P","1895","+54.0(+2.93%)","0.84"
"2179","成学社","東S","790","+0.0(+0.00%)","0.33"
"2180","サニーサイドアップグループ","東S","1315","+0.0(+0.00%)","0.91"
"2181","パーソルＨＬＤＧ","東P","239.7","+3.4(+1.44%)","0.60"
"2183","リニカル","東S","223","-13.0(-5.51%)","0.62"
"2185","シイエム・シイ","東S","1879","+34.0(+1.84%)","0.48"
"2186","ソーバル","東S","907","+2.0(+0.22%)","0.40"
"2193","クックパッド","東S","126","+1.0(+0.80%)","0.61"
"2195","アミタＨＬＤＧ","東G","439","+27.0(+6.55%)","0.57"
"2198","アイ・ケイ・ケイＨＬＤＧ","東P","807","+3.0(+0.37%)","0.31"
"2201","森永製菓","東P","2477.5","-23.5(-0.94%)","0.33"
"2204","中村屋","東S","3110","-30.0(-0.96%)","0.31"
"2206","江崎グリコ","東P","5461.0","-56.0(-1.02%)","0.29"
"2207","ｍｅｉｔｏ","東P","2961","-129.0(-4.17%)","0.44"
"2208","ブルボン","東S","2883","-17.0(-0.59%)","0.30"
"2209","井村屋グループ","東P","2222","-16.0(-0.71%)","0.39"
"2211","不二家","東P","2330","-59.0(-2.47%)","0.25"
"2212","山崎製パン","東P","3110.0","-1.0(-0.03%)","0.29"
"2215","第一屋製パン","東S","621","+21.0(+3.50%)","0.72"
"2216","カンロ","東S","1071","-42.0(-3.77%)","0.63"
"2217","モロゾフ","東P","1499","-16.0(-1.06%)","0.48"
"2218","日糧製パン","札","2185","-13.0(-0.59%)","0.04"
"221A","ＭＸＳ日経半導体株上場投信","東ETF","1112.0","+38.5(+3.59%)","1.26"
"2220","亀田製菓","東P","1267","-38.0(-2.91%)","0.15"
"2221","岩塚製菓","東S","3070","-10.0(-0.32%)","0.26"
"2222","寿スピリッツ","東P","2060.0","-61.5(-2.90%)","0.81"
"2224","コモ","東S","3535","+5.0(+0.14%)","0.14"
"2226","湖池屋","東S","4660","-10.0(-0.21%)","0.33"
"2229","カルビー","東P","2930.0","+25.5(+0.88%)","0.35"
"2235","上場インデックスファンド米国無","東ETF","3405.0","-36.0(-1.05%)","0.72"
"2236","ＧＸ　Ｓ＆Ｐ５００　配当貴族","東ETF","1362.0","-17.0(-1.23%)","0.52"
"2237","ダイワ　Ｓ＆Ｐ５００　２ＬＥＶ","東ETF","115600.0","-2,900.0(-2.45%)","1.13"
"2238","ダイワ　Ｓ＆Ｐ５００　インバ","東ETF","5429.0","+65.0(+1.21%)","-0.70"
"2239","上場　Ｓ＆Ｐ５００　先物レバ２","東ETF","25600.0","-230.0(-0.89%)","1.05"
"223A","ＧＸ　ＡＩ＆ビッグデータ","東ETF","1722.0","-10.0(-0.58%)","1.09"
"2240","上場　Ｓ＆Ｐ５００　先物インバ","東ETF","5495.0","+60.0(+1.10%)","-0.59"
"2241","ＭＡＸＩＳ　ＮＹダウ上場投信","東ETF","870.0","-9.5(-1.08%)","0.61"
"2242","ＭＸＳ　ＮＹダウ為替ヘッジあり","東ETF","636.1","-9.9(-1.53%)","0.42"
"2243","グローバルＸ　半導体","東ETF","4321.0","-79.0(-1.80%)","1.39"
"2244","ＧＸ　ＵＳテック・トップ２０","東ETF","3440.0","-46.0(-1.32%)","1.07"
"2245","ＮＦ　ドイツ国債７−１０年あり","東ETF","703.9","-5.0(-0.71%)","-0.02"
"2246","ＮＦ　フランス国債７−１０年有","東ETF","709.4","+0.0(+0.00%)","-0.03"
"2247","ダイワ　Ｓ＆Ｐ５００無","東ETF","2200.0","-18.0(-0.81%)","0.72"
"2248","ダイワ　Ｓ＆Ｐ５００有","東ETF","2662.0","-31.0(-1.15%)","0.52"
"2249","ダイワ　Ｓ＆Ｐ５００　ダブル","東ETF","10190.0","+239.0(+2.40%)","-1.07"
"224A","ＧＸ　ウラニウムビジネス","東ETF","1810.0","-41.0(-2.22%)","1.28"
"2250","ｉＳ　ＭＳＣＩ　ジャパン気候","東ETF","344.4","-1.5(-0.43%)","0.76"
"2251","ＮＯＭ　ＪＰＸ国債先物　ダブル","東ETF","897.0","+0.0(+0.00%)","0.10"
"2252","グローバルＸ　米国中小型","東ETF","1338.0","-17.0(-1.25%)","0.74"
"2253","グローバルＸ　ＳＵＰＥＲＤＩＶ","東ETF","1306.0","-11.0(-0.84%)","0.43"
"2254","グローバルＸ　ＣＮ　ＥＶ＆ＢＡ","東ETF","1311.0","-21.0(-1.58%)","0.46"
"2255","ｉＳ　米国債２０年超　ＥＴＦ","東ETF","202.7","-1.6(-0.78%)","0.12"
"2256","ｉＳ　米国総合債券　ＥＴＦ","東ETF","221.6","-0.3(-0.14%)","0.17"
"2257","ｉＳ　米ドル建て投資適格社債","東ETF","223.2","-0.4(-0.18%)","0.17"
"2258","ｉＳ　米ドル建てハイイールド","東ETF","225.4","-0.4(-0.18%)","0.30"
"2259","ｉＳ　フランス国債　７−１０有","東ETF","183.5","-1.1(-0.60%)","-0.06"
"2264","森永乳業","東P","4552.0","+30.0(+0.66%)","0.37"
"2266","六甲バター","東P","1077","-22.0(-2.00%)","0.56"
"2267","ヤクルト本社","東P","2713.0","-48.5(-1.76%)","0.16"
"2268","Ｂ―Ｒ　サーティワン　アイス","東S","4085","+0.0(+0.00%)","0.19"
"2269","明治ＨＬＤＧ","東P","3634.0","-67.0(-1.81%)","0.20"
"2270","雪印メグミルク","東P","3375","-45.0(-1.32%)","0.32"
"2281","プリマハム","東P","2454","-53.0(-2.11%)","0.39"
"2282","日本ハム","東P","6099.0","-9.0(-0.15%)","0.30"
"2286","林兼産業","東S","832","-72.0(-7.96%)","0.44"
"2288","丸大食品","東P","2230","-63.0(-2.75%)","0.44"
"2291","福留ハム","東S","559","-6.0(-1.06%)","0.16"
"2292","Ｓ　ＦＯＯＤＳ","東P","2794","-47.0(-1.65%)","0.51"
"2293","滝沢ハム","東S","2675","+7.0(+0.26%)","0.13"
"2294","柿安本店","東P","2544","-39.0(-1.51%)","0.36"
"2296","伊藤ハム米久ＨＬＤＧ","東P","4885","-80.0(-1.61%)","0.42"
"2300","きょくとう","東S","500","-1.0(-0.20%)","0.33"
"2301","学情","東P","1574","-9.0(-0.57%)","0.79"
"2303","ドーン","東S","2690","+41.0(+1.55%)","0.54"
"2304","ＣＳＳ　ＨＬＤＧ","東S","927","-16.0(-1.70%)","0.79"
"2305","スタジオアリス","東S","1762","-14.0(-0.79%)","0.22"
"2307","クロスキャット","東P","905","-20.0(-2.16%)","1.03"
"2311","エプコ","東S","823","+9.0(+1.11%)","0.50"
"2315","ＣＡＩＣＡ　ＤＩＧＩＴＡＬ","東S","61","-1.0(-1.61%)","1.31"
"2317","システナ","東P","410","-2.0(-0.49%)","0.56"
"2321","ソフトフロントＨＬＤＧ","東G","169","+2.0(+1.20%)","1.21"
"2323","ｆｏｎｆｕｎ","東S","376","+33.0(+9.62%)","1.03"
"2325","ＮＪＳ","東P","4855","-215.0(-4.24%)","0.84"
"2326","デジタルアーツ","東P","4245","+5.0(+0.12%)","0.80"
"2327","日鉄ソリューションズ","東P","3522.0","+46.0(+1.32%)","0.46"
"2329","東北新社","東S","600","-8.0(-1.32%)","0.38"
"2330","フォーサイド","東S","78","+1.0(+1.30%)","1.25"
"2331","ＡＬＳＯＫ","東P","1114.5","+20.5(+1.87%)","0.36"
"2332","クエスト","東S","1950","+219.0(+12.65%)","0.76"
"2334","イオレ","東G","585","+42.0(+7.73%)","0.87"
"2335","キューブシステム","東P","1019","-1.0(-0.10%)","0.60"
"2337","いちご","東P","486","-3.0(-0.61%)","0.94"
"2338","クオンタムソリューションズ","東S","98","-5.0(-4.85%)","0.43"
"2340","極楽湯ＨＬＤＧ","東S","478","-2.0(-0.42%)","0.33"
"2341","アルバイトタイムス","東S","173","+6.0(+3.59%)","0.48"
"2342","トランスジェニックグループ","東S","250","+2.0(+0.81%)","1.04"
"2345","ＨＯＤＬ１","東S","239","+0.0(+0.00%)","1.23"
"2349","エヌアイデイ","東S","2292","-24.0(-1.04%)","0.22"
"2351","ＡＳＪ","東S","359","-8.0(-2.18%)","0.91"
"2353","日本駐車場開発","東P","247","-5.0(-1.98%)","0.66"
"2354","ＹＥ　ＤＩＧＩＴＡＬ","東S","889","+1.0(+0.11%)","0.98"
"2359","コア","東P","2044","-9.0(-0.44%)","0.74"
"2370","メディネット","東G","29","+1.0(+3.57%)","0.79"
"2371","カカクコム","東P","3427.0","-101.0(-2.86%)","0.79"
"2373","ケア２１","東S","410","-3.0(-0.73%)","0.33"
"2375","ギグワークス","東S","201","-1.0(-0.50%)","1.09"
"2376","サイネックス","東S","653","-6.0(-0.91%)","0.43"
"2378","ルネサンス","東P","1005","-5.0(-0.50%)","0.50"
"2379","ディップ","東P","1740","-44.0(-2.47%)","0.60"
"2384","ＳＢＳ　ＨＬＤＧ","東P","5020","+535.0(+11.93%)","0.62"
"2385","総医研ＨＬＤＧ","東G","255","-6.0(-2.30%)","1.00"
"2388","ウェッジＨＬＤＧ","東G","43","-4.0(-8.51%)","0.98"
"2391","プラネット","東S","1216","-4.0(-0.33%)","0.15"
"2393","日本ケアサプライ","東S","2247","-25.0(-1.10%)","0.39"
"2395","新日本科学","東P","1223","+3.0(+0.25%)","0.97"
"2404","鉄人化ＨＬＤＧ","東S","551","-2.0(-0.36%)","0.39"
"2408","ＫＧ情報","東S","784","+4.0(+0.51%)","0.62"
"2410","キャリアデザインセンター","東P","2481","-8.0(-0.32%)","0.69"
"2411","ゲンダイエージェンシー","東S","455","-1.0(-0.22%)","0.53"
"2413","エムスリー","東P","1355.5","+0.5(+0.04%)","0.68"
"2415","ヒューマンＨＬＤＧ","東S","1522","-10.0(-0.65%)","0.85"
"2418","ツカダ・グローバルＨＬＤＧ","東S","605","-10.0(-1.63%)","1.05"
"2424","ブラス","東S","599","-1.0(-0.17%)","0.50"
"2425","ケアサービス","東S","720","-13.0(-1.77%)","0.54"
"2428","ウェルネット","東S","619","+1.0(+0.16%)","0.89"
"2429","ワールドＨＬＤＧ","東P","2412","+6.0(+0.25%)","0.98"
"2432","ディー・エヌ・エー","東P","2720.0","+4.5(+0.17%)","0.80"
"2433","博報堂ＤＹ　ＨＬＤＧ","東P","1164.0","+53.5(+4.82%)","0.51"
"2435","シダー","東S","207","-2.0(-0.96%)","0.84"
"2436","共同ピーアール","東S","1042","+19.0(+1.86%)","0.79"
"2437","Ｓｈｉｎｗａ　Ｗｉｓｅ　ＨＬＤ","東S","439","-21.0(-4.57%)","0.65"
"2438","アスカネット","東G","323","-14.0(-4.15%)","0.84"
"2440","ぐるなび","東S","123","-3.0(-2.38%)","0.75"
"2445","タカミヤ","東S","412","-13.0(-3.06%)","0.73"
"2449","プラップジャパン","東S","1065","-11.0(-1.02%)","0.32"
"2454","オールアバウト","東S","361","+0.0(+0.00%)","0.54"
"2459","アウンコンサルティング","東S","191","+1.0(+0.53%)","0.95"
"2461","ファンコミュニケーションズ","東P","427","-6.0(-1.39%)","0.28"
"2462","ライク","東P","1631","+10.0(+0.62%)","0.58"
"2464","Ａｏｂａ−ＢＢＴ","東S","338","+3.0(+0.90%)","0.18"
"2467","ＶＬＣセキュリティ","名N","220","+50.0(+29.41%)","1.08"
"2469","ヒビノ","東S","2757","-130.0(-4.50%)","0.94"
"2471","エスプール","東P","227","-3.0(-1.30%)","0.91"
"2475","ＷＤＢ　ＨＬＤＧ","東P","1763","+59.0(+3.46%)","0.69"
"2477","手間いらず","東S","2335","-59.0(-2.46%)","0.72"
"2479","ジェイテック","東S","235","-3.0(-1.26%)","0.82"
"2480","システム・ロケーション","東S","1700","+0.0(+0.00%)","0.29"
"2481","タウンニュース社","東S","680","-4.0(-0.58%)","0.18"
"2483","翻訳センター","東S","2095","-10.0(-0.48%)","0.44"
"2484","出前館","東S","120","-1.0(-0.83%)","0.80"
"2485","ティア","東S","447","-1.0(-0.22%)","0.40"
"2488","ＪＴＰ","東S","1326","-18.0(-1.34%)","0.78"
"2489","アドウェイズ","東S","281","-5.0(-1.75%)","0.97"
"2491","バリューコマース","東P","460","-9.0(-1.92%)","0.64"
"2492","インフォマート","東P","420","+26.0(+6.60%)","1.13"
"2493","イーサポートリンク","東S","994","-1.0(-0.10%)","0.18"
"2497","ユナイテッド","東G","493","-7.0(-1.40%)","0.64"
"2498","オリエンタルコンサルタンツＨＤ","東S","2990","+13.0(+0.44%)","0.72"
"2499","日本和装ＨＬＤＧ","東S","291","+8.0(+2.83%)","0.50"
"2501","サッポロＨＬＤＧ","東P","1605.0","+13.5(+0.85%)","0.49"
"2502","アサヒグループＨＬＤＧ","東P","1543.5","+7.5(+0.49%)","0.44"
"2503","キリンＨＬＤＧ","東P","2601.5","-21.5(-0.82%)","0.36"
"2510","ＮＦ国内債券ＢＰＩ総合連動","東ETF","804.7","-2.7(-0.33%)","-0.07"
"2511","ＮＦ外国債券ヘッジなし","東ETF","1169.5","-5.0(-0.43%)","0.19"
"2512","ＮＦ外国債券ヘッジあり","東ETF","727.6","-3.7(-0.51%)","-0.01"
"2513","ＮＦ外国株式ヘッジなし","東ETF","3465.0","+0.0(+0.00%)","0.77"
"2514","ＮＦ外国株式ヘッジあり","東ETF","1954.0","-24.0(-1.21%)","0.62"
"2515","ＮＦ外国ＲＥＩＴヘッジなし","東ETF","1610.0","-29.0(-1.77%)","0.54"
"2516","東証グロース２５０ＥＴＦ","東ETF","631.3","+1.4(+0.22%)","0.99"
"2517","ＭＸＳ　Ｊリート・コア","東ETF","1100.0","-10.0(-0.90%)","0.23"
"2518","ＮＦ日本株女性活躍連動型","東ETF","2190.0","+6.0(+0.27%)","0.93"
"2519","ＮＦ新興国債券ヘッジなし","東ETF","1180.5","+1.0(+0.08%)","0.27"
"2520","ＮＦ新興国株式ヘッジなし","東ETF","2288.0","-5.0(-0.22%)","0.74"
"2521","上場米国株式為替ヘッジあり","東ETF","2092.0","-25.0(-1.18%)","0.62"
"2522","ｉＳロボット","東ETF","8102.0","-126.0(-1.53%)","1.08"
"2523","ＭＸＳトピックス除く金融","東ETF","-","- (-%)","0.16"
"2524","ＮＺＡＭ　ＴＯＰＩＸ","東ETF","3937.0","-45.0(-1.13%)","0.94"
"2525","ＮＺＡＭ日経２２５","東ETF","61690.0","-500.0(-0.80%)","1.03"
"2526","ＮＺＡＭ　ＪＰＸ日経４００","東ETF","35620.0","-110.0(-0.31%)","0.77"
"2527","ＮＺＡＭ東証ＲＥＩＴ　Ｃｏｒｅ","東ETF","1115.0","-16.0(-1.41%)","0.23"
"2528","ｉＦ東証ＲＥＩＴ　Ｃｏｒｅ","東ETF","1100.0","-12.0(-1.08%)","0.28"
"2529","ＮＦ野村株主還元７０連動型","東ETF","2175.0","-17.0(-0.78%)","0.77"
"2530","ＭＸＳ中国上海１８０Ａ株","東ETF","17730.0","-105.0(-0.59%)","0.61"
"2531","宝ＨＬＤＧ","東P","1825.5","+2.5(+0.14%)","0.44"
"2533","オエノンＨＬＤＧ","東P","484","-6.0(-1.22%)","0.63"
"253A","ＥＴＳグループ","東S","1175","-47.0(-3.85%)","0.71"
"2540","養命酒製造","東P","4025","-5.0(-0.12%)","0.26"
"254A","ＡＩ　フュージョンキャピタルグ","東S","989","+51.0(+5.44%)","0.48"
"2551","マルサンアイ","名M","3530","+5.0(+0.14%)","0.06"
"2552","上場Ｊリート隔月分配型ミニ","東ETF","1960.0","-13.0(-0.66%)","0.18"
"2553","Ｏｎｅ南方中国Ａ株ＣＳＩ５００","東ETF","2600.5","+27.0(+1.05%)","0.97"
"2554","ＮＦ米国社債１０年ヘッジ","東ETF","758.5","-3.2(-0.42%)","0.01"
"2555","東証ＲＥＩＴ　ＥＴＦ","東ETF","1865.0","-22.5(-1.19%)","0.25"
"2556","Ｏｎｅ東証ＲＥＩＴ","東ETF","1863.0","-27.0(-1.43%)","0.27"
"2557","ＳＭＤＡＭトピックス上場投信","東ETF","3884.0","-25.0(-0.64%)","0.93"
"2558","ＭＡＸＩＳ米株ＳＰ５００","東ETF","33700.0","-350.0(-1.03%)","0.81"
"2559","ＭＡＸＩＳ全世界株式","東ETF","28610.0","-310.0(-1.07%)","0.75"
"2560","ＭＡＸＩＳカーボン日本株","東ETF","-","- (-%)","0.09"
"2561","ｉＳコア日本国債ＥＴＦ","東ETF","1997.0","-6.0(-0.30%)","-0.03"
"2562","上場米株ダウ平均為替ヘッジあり","東ETF","3447.0","-53.0(-1.51%)","0.52"
"2563","ｉＳＳＰ５百米株ヘジ","東ETF","393.3","-3.9(-0.98%)","0.65"
"2564","ＧＸスーパーディビ","東ETF","3379.0","+0.0(+0.00%)","0.58"
"2565","ＧＸロジＪリート","東ETF","892.0","-8.0(-0.89%)","0.16"
"2566","上場日経 ＥＳＧリート","東ETF","1019.0","-17.0(-1.64%)","0.22"
"2567","ＮＺＡＭ　カーボン","東ETF","510.8","+0.3(+0.06%)","0.66"
"2568","上場ＮＳＱ１００ヘ無","東ETF","7882.0","-38.0(-0.48%)","0.94"
"2569","上場ＮＳＱ１００ヘ有","東ETF","4246.0","-41.0(-0.96%)","0.78"
"256A","飛島ＨＬＤＧ","東P","1977","-38.0(-1.89%)","0.88"
"2573","北海道コカ・コーラボトリング","東S","4215","+35.0(+0.84%)","0.35"
"2579","コカ・コーラボトラーズＪＰＨＤ","東P","3399.0","-5.0(-0.15%)","0.45"
"2585","ライフドリンク　カンパニー","東P","1511","+258.0(+20.59%)","0.47"
"2586","フルッタフルッタ","東G","85","-12.0(-12.37%)","1.10"
"2587","サントリービバレッジ＆フード","東P","4225.0","+29.0(+0.69%)","0.40"
"2588","プレミアムウォーターＨＬＤＧ","東S","3595","-50.0(-1.37%)","0.70"
"2590","ダイドーグループＨＬＤＧ","東P","2629","+5.0(+0.19%)","0.32"
"2593","伊藤園","東P","2892.5","-35.5(-1.21%)","0.37"
"2594","キーコーヒー","東P","1913","-16.0(-0.83%)","0.20"
"2597","ユニカフェ","東S","1075","+10.0(+0.94%)","0.06"
"2602","日清オイリオグループ","東P","1797","-8.0(-0.44%)","0.51"
"2607","不二製油","東P","3629.0","+104.0(+2.95%)","0.61"
"2612","かどや製油","東S","1479","-1.0(-0.07%)","0.22"
"2613","Ｊ―オイルミルズ","東P","1986","-7.0(-0.35%)","0.32"
"2620","ｉＳ米国債 １−３ 年","東ETF","368.3","+0.6(+0.16%)","0.12"
"2621","ｉＳ米国債 ２０年超ヘッジ","東ETF","1017.0","-11.0(-1.07%)","-0.01"
"2622","ｉＳ米ドル建て新興国債ヘッジ","東ETF","1711.0","-9.0(-0.52%)","0.22"
"2623","ｉＳユーロ建て投資社債 ヘッジ","東ETF","1928.0","-2.0(-0.10%)","0.02"
"2624","ｉＦ日経２２５（年４回決算型）","東ETF","6131.0","-49.0(-0.79%)","1.06"
"2625","ｉＦＴＯＰＩＸ（年４回決算型）","東ETF","3850.0","-30.0(-0.77%)","0.93"
"2626","ＧＸデジタルイノベーション","東ETF","2781.0","+27.0(+0.98%)","0.80"
"2627","ＧＸｅコマース","東ETF","1425.0","+3.0(+0.21%)","0.64"
"2628","ｉＦ中国科創板５０","東ETF","3840.0","+50.0(+1.32%)","0.77"
"2629","ｉＦ中国ＧＢＡ１００","東ETF","3761.0","+72.0(+1.95%)","0.69"
"2630","ＭＡＸＩＳ米株Ｓ＆Ｐ５００","東ETF","15575.0","-185.0(-1.17%)","0.65"
"2631","ＭＡＸＩＳナスダック１００","東ETF","32880.0","-250.0(-0.75%)","0.95"
"2632","ＭＡＸＩＳナスダック１００ヘ","東ETF","17930.0","-20.0(-0.11%)","0.75"
"2633","ＮＦ　Ｓ＆Ｐ５００ ヘッジなし","東ETF","539.4","-5.5(-1.01%)","0.82"
"2634","ＮＦ　Ｓ＆Ｐ５００ ヘッジあり","東ETF","3057.0","-35.0(-1.13%)","0.64"
"2636","ＧＸ ガバナンス・クオリティ","東ETF","4622.0","-48.0(-1.03%)","0.95"
"2637","ＧＸ　クリーンテック","東ETF","2739.0","-46.0(-1.65%)","0.95"
"2638","ＧＸ ロボティクス＆ＡＩ","東ETF","2800.0","-35.0(-1.23%)","0.99"
"2639","ＧＸ バイオ＆メドテック","東ETF","1650.0","+25.0(+1.54%)","0.59"
"2640","ＧＸ ゲーム＆アニメ","東ETF","3600.0","+0.0(+0.00%)","0.64"
"2641","ＧＸグローバルリーダーズ","東ETF","4350.0","+10.0(+0.23%)","1.00"
"2642","ＳＭＴカーボンエフィシェント","東ETF","50600.0","+1,920.0(+3.94%)","0.81"
"2643","ＮＦＭＳＣＩジャパンセレクト","東ETF","3969.0","+7.0(+0.18%)","0.91"
"2644","ＧＸ　半導体関連","東ETF","3786.0","-33.0(-0.86%)","1.44"
"2645","ＧＸ　レジャー＆エンターテイン","東ETF","2649.0","-17.0(-0.64%)","0.67"
"2646","ＧＸ　メタルビジネス","東ETF","4100.0","-81.0(-1.94%)","1.20"
"2647","ＮＦ米国債７―１０年ヘッジなし","東ETF","6102.0","+182.0(+3.07%)","0.11"
"2648","ＮＦ米国債７―１０年ヘッジあり","東ETF","3392.0","-17.0(-0.50%)","-0.03"
"2649","ｉＳ米国政府系機関ジニ　ヘッジ","東ETF","583.1","-5.0(-0.85%)","-0.05"
"2652","まんだらけ","東S","358","+12.0(+3.47%)","0.94"
"2653","イオン九州","東S","2800","-16.0(-0.57%)","0.26"
"2654","アスモ","東S","397","+2.0(+0.51%)","0.56"
"2656","ベクターＨＬＤＧ","東S","200","+4.0(+2.04%)","0.85"
"2659","サンエー","東P","3255","-5.0(-0.15%)","0.33"
"2664","カワチ薬品","東P","3030","-35.0(-1.14%)","0.38"
"2666","オートウェーブ","東S","161","+0.0(+0.00%)","0.76"
"2667","イメージワン","東S","207","-7.0(-3.27%)","1.29"
"2668","タビオ","東S","1258","-12.0(-0.94%)","0.14"
"2669","カネ美食品","東S","3745","+5.0(+0.13%)","0.26"
"2670","エービーシー・マート","東P","2654.0","-40.0(-1.48%)","0.38"
"2673","夢みつけ隊","東S","107","-3.0(-2.73%)","0.81"
"2674","ハードオフコーポレーション","東P","2388","-14.0(-0.58%)","0.67"
"2676","高千穂交易","東P","1960","-4.0(-0.20%)","0.66"
"2678","アスクル","東P","1190","-44.0(-3.57%)","0.49"
"2681","ゲオＨＬＤＧ","東P","2042","+19.0(+0.94%)","0.76"
"2683","魚喜","東S","1004","+3.0(+0.30%)","0.06"
"2685","アンドエスティＨＤ","東P","3090","+5.0(+0.16%)","0.52"
"2686","ジーフット","東S","297","+0.0(+0.00%)","0.13"
"2687","シー・ヴイ・エス・ベイエリア","東S","483","-4.0(-0.82%)","0.65"
"2689","オルバヘルスケアＨＬＤＧ","東S","2082","+2.0(+0.10%)","0.50"
"2692","伊藤忠食品","東P","12940","+20.0(+0.15%)","0.37"
"2693","ＹＫＴ","東S","304","+23.0(+8.19%)","0.90"
"2694","焼肉坂井ＨＬＤＧ","東S","70","-1.0(-1.41%)","0.26"
"2695","くら寿司","東P","1610","+45.0(+2.88%)","0.46"
"2698","キャンドゥ","東S","3240","-30.0(-0.92%)","0.38"
"2700","木徳神糧","東S","1767","-52.0(-2.86%)","0.55"
"2702","日本マクドナルドＨＬＤＧ","東S","7800","-330.0(-4.06%)","0.25"
"2705","大戸屋ＨＬＤＧ","東S","7370","+80.0(+1.10%)","0.36"
"2708","久世","東S","1816","-74.0(-3.92%)","0.98"
"2721","ジェイＨＬＤＧ","東S","111","+2.0(+1.83%)","1.08"
"2722","ＩＫＨＬＤＧ","東S","385","+0.0(+0.00%)","0.56"
"2726","パルグループＨＬＤＧ","東P","1421","-12.0(-0.84%)","0.21"
"272A","グリーンクロスＨＬＤＧ","福","1331","-11.0(-0.82%)","0.39"
"2730","エディオン","東P","2262","+13.0(+0.58%)","0.35"
"2733","あらた","東P","2645","-25.0(-0.94%)","0.57"
"2734","サーラコーポレーション","東P","1012","+2.0(+0.20%)","0.53"
"2735","ワッツ","東S","610","+3.0(+0.49%)","0.46"
"2736","フェスタリアＨＬＤＧ","東S","646","-12.0(-1.82%)","0.47"
"2737","トーメンデバイス","東P","15000","+400.0(+2.74%)","1.20"
"2742","ハローズ","東P","3880","-70.0(-1.77%)","0.58"
"2747","北雄ラッキー","東S","3050","+0.0(+0.00%)","0.11"
"2749","ＪＰ　ＨＬＤＧ","東P","638","-11.0(-1.69%)","0.63"
"2750","石光商事","東S","1295","+25.0(+1.97%)","0.45"
"2751","テンポスＨＬＤＧ","東S","3510","-25.0(-0.71%)","0.41"
"2752","フジオフードグループ本社","東P","1121","+21.0(+1.91%)","0.25"
"2753","あみやき亭","東P","1341","-11.0(-0.81%)","0.57"
"2760","東京エレクトロン　デバイス","東P","4380","+235.0(+5.67%)","1.31"
"2762","ＳＡＮＫＯ　ＭＡＲＫＥＴＩＮＧ","東S","90","-11.0(-10.89%)","0.76"
"2763","エフティグループ","東S","1093","-20.0(-1.80%)","0.54"
"2764","ひらまつ","東S","141","-2.0(-1.40%)","0.83"
"2767","円谷フィールズＨＬＤＧ","東P","1402","-61.0(-4.17%)","1.21"
"2768","双日","東P","5696.0","-218.0(-3.69%)","1.08"
"2769","ヴィレッジヴァンガードコーポレ","東S","811","-17.0(-2.05%)","0.17"
"2776","新都ＨＬＤＧ","東S","108","+0.0(+0.00%)","1.18"
"2778","パレモＨＬＤＧ","東S","109","-6.0(-5.22%)","1.17"
"2780","コメ兵ＨＬＤＧ","東S","4885","+60.0(+1.24%)","1.13"
"2782","セリア","東S","3640","+40.0(+1.11%)","0.21"
"2784","アルフレッサＨＬＤＧ","東P","2254.5","-123.5(-5.19%)","0.60"
"2788","アップルインターナショナル","東S","344","-3.0(-0.86%)","0.65"
"2789","カルラ","東S","460","+4.0(+0.88%)","0.35"
"2790","ナフコ","東S","2193","-13.0(-0.59%)","0.40"
"2791","大黒天物産","東P","4320","-115.0(-2.59%)","0.29"
"2792","ハニーズＨＬＤＧ","東P","1458","+1.0(+0.07%)","0.44"
"2795","日本プリメックス","東S","902","-3.0(-0.33%)","0.18"
"2796","ファーマライズホールディングス","東S","525","-2.0(-0.38%)","0.35"
"2798","ワイズテーブルコーポレーション","東S","2991","-2.0(-0.07%)","0.18"
"2801","キッコーマン","東P","1415.5","+7.5(+0.53%)","0.80"
"2802","味の素","東P","5193.0","-76.0(-1.44%)","0.60"
"2804","ブルドックソース","東P","1758","-51.0(-2.82%)","0.43"
"2805","エスビー食品","東S","5030","+70.0(+1.41%)","0.49"
"2806","ユタカフーズ","東S","1980","+0.0(+0.00%)","0.24"
"2809","キユーピー","東P","4001.0","-63.0(-1.55%)","0.35"
"2810","ハウス食品グループ本社","東P","3374.0","+6.0(+0.18%)","0.28"
"2811","カゴメ","東P","2514.0","-55.0(-2.14%)","0.53"
"2813","和弘食品","東S","3910","-40.0(-1.01%)","0.99"
"2814","佐藤食品工業","東S","3075","-40.0(-1.28%)","0.25"
"2815","アリアケジャパン","東P","5490","-40.0(-0.72%)","0.60"
"2816","ダイショー","東S","1400","-2.0(-0.14%)","0.07"
"2818","ピエトロ","東S","1729","-1.0(-0.06%)","0.07"
"2819","エバラ食品工業","東S","2423","-96.0(-3.81%)","0.36"
"2820","やまみ","東S","4035","+225.0(+5.91%)","0.33"
"2831","はごろもフーズ","東S","3435","-10.0(-0.29%)","0.31"
"2836","ＧＸ　フィンテック日本株","東ETF","2888.0","-26.0(-0.89%)","0.57"
"2837","ＧＸ中小型リーダーズ日本","東ETF","4400.0","+338.0(+8.32%)","0.89"
"2838","ＭＸＳ米国債７―１０ヘッジなし","東ETF","8720.0","-38.0(-0.43%)","0.13"
"2839","ＭＸＳ米国債７―１０ヘッジあり","東ETF","5022.0","-31.0(-0.61%)","-0.04"
"2840","ｉＦｒＥＴＦ　ＮＡＳＤ１００無","東ETF","2649.0","-25.0(-0.93%)","0.90"
"2841","ｉＦｒＥＴＦ　ＮＡＳＤ１００有","東ETF","1671.0","-15.0(-0.89%)","0.74"
"2842","ｉＦｒＥＴＦ　ＮＡＳＤ１００イ","東ETF","12480.0","+140.0(+1.13%)","-0.81"
"2843","上場インファンド豪州国債有","東ETF","3680.0","-8.0(-0.22%)","0.02"
"2844","上場インファンド豪州国債無","東ETF","5546.0","-12.0(-0.22%)","0.34"
"2845","ＮＦ　ＮＳＱ１００有上場投信","東ETF","3501.0","-37.0(-1.05%)","0.79"
"2846","ＮＦ　ダウ工業株３０有上場投信","東ETF","2389.0","-34.0(-1.40%)","0.55"
"2847","ＧＸ　新成長インフラ日本株式","東ETF","2936.0","+5.0(+0.17%)","0.89"
"2848","ＧＸ　ＭＳＣＩ　気候変動日本株","東ETF","2837.0","-26.0(-0.91%)","0.78"
"2849","ＧＸ　ＭＯＲ高配当ＥＳＧ日本株","東ETF","5187.0","-19.0(-0.36%)","0.54"
"2851","ｉＳ　ＭＳＣＩ　ジャパンＳＲＩ","東ETF","365.4","-0.2(-0.05%)","0.86"
"2852","ｉＳ　グリーンＪリート　ＥＴＦ","東ETF","176.3","-1.6(-0.90%)","0.22"
"2853","ｉＳ　気候リスク調整世界国債","東ETF","615.1","+0.0(+0.00%)","0.00"
"2854","ＧＸ　テック・トップ　２０","東ETF","2384.0","-15.0(-0.63%)","1.18"
"2855","ＧＸ　グリーン・ＪＲＥＩＴ","東ETF","949.0","-11.0(-1.15%)","0.23"
"2856","ｉＳ　米国債３―７年ヘッジあり","東ETF","655.1","-1.6(-0.24%)","-0.05"
"2857","ｉＳ　ドイツ国債ヘッジあり","東ETF","626.2","-2.1(-0.33%)","-0.04"
"2858","ＧＸ　日経２２５　カバード・コ","東ETF","1430.0","-44.0(-2.99%)","0.54"
"2859","ＮＦ　ユーロ５０有　連動型投信","東ETF","2936.0","-49.0(-1.64%)","0.72"
"2860","ＮＦ　ドイツＤＡＸ有　連動投信","東ETF","3020.0","-72.0(-2.33%)","0.54"
"2861","上場インファンドフランス国債無","東ETF","5732.0","-35.0(-0.61%)","0.11"
"2862","上場インファンドフランス国債有","東ETF","3902.0","-44.0(-1.12%)","0.04"
"2864","ＧＸ　ロジスティクス・ＲＥＩＴ","東ETF","1383.0","+0.0(+0.00%)","0.58"
"2865","ＧＸ　ＮＡＳ１００・カバード","東ETF","1241.0","-6.0(-0.48%)","0.78"
"2866","ＧＸ　米国優先証券　ＥＴＦ","東ETF","1000.0","-8.0(-0.79%)","0.34"
"2867","ＧＸ　自動運転＆ＥＶ","東ETF","1940.0","-31.0(-1.57%)","0.95"
"2868","ＧＸ　Ｓ＆Ｐ５００・カバード","東ETF","1107.0","-1.0(-0.09%)","0.65"
"2869","ダイワＮＡＳＤＡＱ１００　レバ","東ETF","73510.0","-1,540.0(-2.05%)","1.41"
"2870","ダイワＮＡＳＤＡＱ１００　ダブ","東ETF","8119.0","+160.0(+2.01%)","-1.30"
"2871","ニチレイ","東P","1873.5","+15.5(+0.83%)","0.25"
"2872","セイヒョー","東S","2180","+21.0(+0.97%)","0.59"
"2874","横浜冷凍","東P","2138","+155.0(+7.82%)","0.54"
"2875","東洋水産","東P","10895.0","+95.0(+0.88%)","0.74"
"2876","デルソーレ","東S","458","+4.0(+0.88%)","0.58"
"2877","日東ベスト","東S","737","+4.0(+0.55%)","0.11"
"2882","イートアンドＨＬＤＧ","東P","1985","-19.0(-0.95%)","0.25"
"2883","大冷","東S","1960","-5.0(-0.25%)","0.06"
"2884","ヨシムラ・フード・ＨＬＤＧ","東P","642","-7.0(-1.08%)","1.05"
"2892","日本食品化工","東S","3990","-20.0(-0.50%)","0.70"
"2894","石井食品","東S","331","-2.0(-0.60%)","0.25"
"2897","日清食品ＨＬＤＧ","東P","2664.5","-19.5(-0.73%)","0.43"
"2901","ウェルディッシュ","東S","191","+1.0(+0.53%)","0.72"
"2902","太陽化学","名M","2640","+5.0(+0.19%)","0.57"
"2903","シノブフーズ","東S","1455","+0.0(+0.00%)","0.70"
"2904","一正蒲鉾","東S","770","+0.0(+0.00%)","0.19"
"2907","あじかん","東S","1346","+0.0(+0.00%)","0.44"
"2908","フジッコ","東P","1476","-17.0(-1.14%)","0.30"
"2910","ロック・フィールド","東P","1269","-42.0(-3.20%)","0.25"
"2911","旭松食品","東S","2246","+0.0(+0.00%)","0.09"
"2914","日本たばこ産業","東P","6343.0","+42.0(+0.67%)","0.67"
"2915","ケンコーマヨネーズ","東P","1938","-27.0(-1.37%)","0.57"
"2916","仙波糖化工業","東S","710","-2.0(-0.28%)","0.30"
"2917","大森屋","東S","910","-4.0(-0.44%)","0.22"
"2918","わらべや日洋ＨＬＤＧ","東P","2682","-39.0(-1.43%)","0.65"
"2919","マルタイ","福","4180","+0.0(+0.00%)","0.19"
"2922","なとり","東P","1883","-17.0(-0.89%)","0.35"
"2923","サトウ食品","東S","6760","-70.0(-1.02%)","0.39"
"2924","イフジ産業","東S","2102","+4.0(+0.19%)","0.54"
"2926","篠崎屋","東S","103","+2.0(+1.98%)","0.71"
"2927","ＡＦＣ―ＨＤアムスライフ","東S","834","-26.0(-3.02%)","0.48"
"2928","ＲＩＺＡＰグループ","札A","215","-8.0(-3.59%)","0.57"
"2929","ファーマフーズ","東P","646","-4.0(-0.62%)","0.91"
"2930","北の達人","東P","124","-5.0(-3.88%)","0.78"
"2931","ユーグレナ","東P","358","-19.0(-5.04%)","0.75"
"2932","ＳＴＩフードＨＬＤＧ","東S","1006","-13.0(-1.28%)","0.69"
"2933","紀文食品","東P","1035","-5.0(-0.48%)","0.48"
"2934","ジェイフロンティア","東G","1680","-54.0(-3.11%)","0.84"
"2935","ピックルスＨＬＤＧ","東P","1095","-8.0(-0.73%)","0.53"
"2936","ベースフード","東G","305","+3.0(+0.99%)","0.75"
"2937","サンクゼール","東G","1676","+0.0(+0.00%)","0.49"
"2938","オカムラ食品工業","東S","1306","+39.0(+3.08%)","0.60"
"2961","日本調理機","東S","4840","+0.0(+0.00%)","0.51"
"2962","テクニスコ","東S","934","-46.0(-4.69%)","1.35"
"2970","ＧＬＣ　ＧＲＯＵＰ","東S","1058","-2.0(-0.19%)","0.80"
"2971","エスコンジャパンリート投資法人","東REIT","116700","-1,800.0(-1.52%)","0.29"
"2972","サンケイリアルエステート投資","東REIT","123800","-100.0(-0.08%)","0.24"
"2974","大英産業","福","922","-12.0(-1.28%)","0.19"
"2975","スター・マイカ・ＨＬＤＧ","東P","1689","-7.0(-0.41%)","0.88"
"2976","日本グランデ","札A","680","+0.0(+0.00%)","0.32"
"2978","ツクルバ","東G","397","-12.0(-2.93%)","0.31"
"2979","ＳＯＳｉＬＡ 物流リート投資","東REIT","120800","-1,300.0(-1.06%)","0.30"
"2980","ＳＲＥ　ＨＬＤＧ","東P","2726","+20.0(+0.74%)","1.15"
"2981","ランディックス","東G","1902","-20.0(-1.04%)","0.86"
"2982","ＡＤワークスグループ","東P","394","-3.0(-0.76%)","1.07"
"2983","アールプランナー","東G","1486","-54.0(-3.51%)","0.94"
"2984","ヤマイチエステート","東S","708","-19.0(-2.61%)","0.49"
"2986","ＬＡ　ＨＬＤＧ","東G","8700","+70.0(+0.81%)","1.03"
"2989","東海道リート投資法人","東REIT","102800","-1,300.0(-1.25%)","0.37"
"2991","ランドネット","東S","565","-12.0(-2.08%)","0.86"
"2993","長栄","東S","2284","-17.0(-0.74%)","0.39"
"2997","ストレージ王","東G","955","-3.0(-0.31%)","0.47"
"2998","クリアル","東G","586","-100.0(-14.58%)","1.10"
"2999","ホームポジション","東S","564","-7.0(-1.23%)","0.56"
"3001","片倉工業","東S","2577","-81.0(-3.05%)","0.66"
"3002","グンゼ","東P","3715","-20.0(-0.54%)","0.50"
"3003","ヒューリック","東P","1722.5","-38.0(-2.16%)","0.55"
"3004","神栄","東S","2143","+30.0(+1.42%)","0.78"
"3010","ポラリス・ＨＬＤＧ","東S","171","-3.0(-1.72%)","1.03"
"3011","バナーズ","東S","148","-5.0(-3.27%)","0.44"
"3020","アプライド","東S","4020","-85.0(-2.07%)","0.70"
"3021","パシフィックネット","東S","1917","+15.0(+0.79%)","0.85"
"3023","ラサ商事","東S","1747","+6.0(+0.34%)","0.77"
"3024","クリエイト","東S","1027","-37.0(-3.48%)","0.38"
"3028","アルペン","東P","1942","-11.0(-0.56%)","0.35"
"3030","ハブ","東S","925","+4.0(+0.43%)","0.46"
"3031","ラクーンＨＬＤＧ","東P","633","-14.0(-2.16%)","0.65"
"3032","ゴルフ・ドゥ","名N","294","-3.0(-1.01%)","0.13"
"3034","クオールＨＬＤＧ","東P","1880","-50.0(-2.59%)","0.63"
"3035","ケイティケイ","東S","782","-1.0(-0.13%)","0.45"
"3036","アルコニックス","東P","2528","-113.0(-4.28%)","0.79"
"3038","神戸物産","東P","2727.0","-71.5(-2.55%)","-0.04"
"3040","ソリトンシステムズ","東P","2055","+5.0(+0.24%)","1.03"
"3041","ビューティカダンＨＬＤＧ","東S","542","-1.0(-0.18%)","0.51"
"3042","セキュアヴェイル","東S","302","-7.0(-2.27%)","1.10"
"3045","カワサキ","東S","1457","-13.0(-0.88%)","0.21"
"3046","ジンズＨＬＤＧ","東P","7250","+140.0(+1.97%)","0.49"
"3047","ＴＲＵＣＫ―ＯＮＥ","福Q","799","-1.0(-0.13%)","0.62"
"3048","ビックカメラ","東P","1733.5","+10.0(+0.58%)","0.58"
"3050","ＤＣＭ　ＨＬＤＧ","東P","1526","-15.0(-0.97%)","0.39"
"3053","ペッパーフードサービス","東S","188","+5.0(+2.73%)","0.86"
"3054","ハイパー","東S","242","-5.0(-2.02%)","0.58"
"3055","ほくやく・竹山ＨＬＤＧ","札","872","-38.0(-4.18%)","0.20"
"3058","三洋堂ＨＬＤＧ","東S","702","+1.0(+0.14%)","0.09"
"3059","ヒラキ","東S","763","-8.0(-1.04%)","0.14"
"3063","ジェイグループＨＬＤＧ","東G","808","-3.0(-0.37%)","0.40"
"3064","ＭｏｎｏｔａＲＯ","東P","1865.0","+6.5(+0.35%)","0.48"
"3065","ライフフーズ","東S","1616","-1.0(-0.06%)","0.06"
"3066","ＪＢイレブン","名M","615","-1.0(-0.16%)","0.33"
"3067","東京一番フーズ","東S","450","-3.0(-0.66%)","0.33"
"3068","ＷＤＩ","東S","2913","-50.0(-1.69%)","0.46"
"3069","ＪＦＬＡ　ＨＬＤＧ","東S","152","-3.0(-1.94%)","0.74"
"3070","ジェリービーンズグループ","東G","85","+0.0(+0.00%)","1.17"
"3071","ストリーム","東S","102","-1.0(-0.97%)","0.38"
"3075","銚子丸","東S","1606","+2.0(+0.12%)","0.46"
"3076","あいＨＬＤＧ","東P","2803","+71.0(+2.60%)","0.61"
"3077","ホリイフードサービス","東S","779","+14.0(+1.83%)","0.47"
"3079","ディーブイエックス","東S","1005","+5.0(+0.50%)","0.34"
"3080","ジェーソン","東S","750","-5.0(-0.66%)","0.11"
"3082","きちりＨＬＤＧ","東S","958","-4.0(-0.42%)","0.43"
"3083","スターシーズ","東S","1117","-1.0(-0.09%)","0.70"
"3086","Ｊ．フロント　リテイリング","東P","2307.5","-82.5(-3.45%)","0.94"
"3087","ドトール・日レスＨＬＤＧ","東P","2833","-35.0(-1.22%)","0.43"
"3088","マツキヨココカラ＆カンパニー","東P","2215.0","-76.5(-3.34%)","0.44"
"3089","テクノアルファ","東S","1011","-1.0(-0.10%)","0.53"
"3091","ブロンコビリー","東P","4180","-15.0(-0.36%)","0.45"
"3092","ＺＯＺＯ","東P","1026.5","-17.5(-1.68%)","0.37"
"3093","トレジャー・ファクトリー","東P","1687","-67.0(-3.82%)","0.81"
"3096","オーシャンシステム","東S","1652","+6.0(+0.36%)","0.38"
"3097","物語コーポレーション","東P","4725","-65.0(-1.36%)","0.60"
"3099","三越伊勢丹ＨＬＤＧ","東P","3231.0","-70.0(-2.12%)","1.26"
"3101","東洋紡","東P","1592","-50.0(-3.05%)","0.84"
"3103","ユニチカ","東S","1315","-100.0(-7.07%)","1.40"
"3104","富士紡ＨＬＤＧ","東P","4250","-120.0(-2.75%)","0.98"
"3105","日清紡ＨＬＤＧ","東P","2310.0","+77.5(+3.47%)","0.98"
"3106","倉敷紡績","東P","11310","-240.0(-2.08%)","0.96"
"3107","ダイワボウＨＬＤＧ","東P","3514.0","+64.0(+1.86%)","0.87"
"3109","シキボウ","東P","1033","-13.0(-1.24%)","0.54"
"3110","日東紡績","東P","22730","-1,170.0(-4.90%)","1.67"
"3111","オーミケンシ","東S","187","-1.0(-0.53%)","0.82"
"3113","ＵＮＩＶＡ・ＯａｋＨＬＤＧ","東S","78","-4.0(-4.88%)","0.38"
"3116","トヨタ紡織","東P","2244.0","-41.5(-1.82%)","0.91"
"3121","マーチャント・バンカーズ","東S","219","-1.0(-0.45%)","0.72"
"3123","サイボー","東S","644","-6.0(-0.92%)","0.50"
"3131","シンデン・ハイテックス","東S","3160","+35.0(+1.12%)","1.20"
"3132","マクニカＨＬＤＧ","東P","3353.0","+112.0(+3.46%)","1.25"
"3133","海帆","東G","220","+10.0(+4.76%)","1.00"
"3134","Ｈａｍｅｅ","東S","413","-2.0(-0.48%)","0.97"
"3135","マーケットエンタープライズ","東S","1123","+18.0(+1.63%)","1.03"
"3137","ファンデリー","東S","225","-6.0(-2.60%)","0.89"
"3138","富士山マガジンサービス","東S","1124","-12.0(-1.06%)","0.28"
"3139","ラクト・ジャパン","東P","3150","-60.0(-1.87%)","0.38"
"3140","ＢＲＵＮＯ","東G","1049","-1.0(-0.10%)","0.21"
"3143","オーウイル","東S","656","-27.0(-3.95%)","0.73"
"3148","クリエイトＳＤ　ＨＬＤＧ","東P","3200","-40.0(-1.23%)","0.38"
"3150","グリムス","東P","2471","-453.0(-15.49%)","0.75"
"3151","バイタルケーエスケーＨＬＤＧ","東P","1477","+36.0(+2.50%)","0.60"
"3153","八洲電機","東P","2830","-12.0(-0.42%)","1.08"
"3154","メディアスＨＬＤＧ","東P","842","-9.0(-1.06%)","0.75"
"3156","レスター","東P","3495","+30.0(+0.87%)","0.99"
"3157","ジオリーブグループ","東S","1425","-12.0(-0.84%)","0.41"
"3159","丸善ＣＨＩ　ＨＬＤＧ","東S","347","+0.0(+0.00%)","0.28"
"3160","大光","東S","587","-1.0(-0.17%)","0.36"
"3161","アゼアス","東S","676","-4.0(-0.59%)","0.44"
"3166","ＯＣＨＩ　ＨＬＤＧ","東S","1374","-12.0(-0.87%)","0.43"
"3167","ＴＯＫＡＩ　ＨＬＤＧ","東P","1126","-4.0(-0.35%)","0.37"
"3168","ＭＥＲＦ","東S","1543","-126.0(-7.55%)","0.86"
"3169","ミサワ","東S","652","+0.0(+0.00%)","0.33"
"3172","ティーライフ","東S","1152","-1.0(-0.09%)","0.46"
"3173","Ｃｏｍｉｎｉｘ","東S","970","+48.0(+5.21%)","0.30"
"3174","ハピネス・アンド・ディ","東S","510","-3.0(-0.58%)","0.18"
"3175","エー・ピーＨＬＤＧ","東S","921","+5.0(+0.55%)","0.36"
"3176","三洋貿易","東P","1553","-33.0(-2.08%)","0.85"
"3177","ありがとうサービス","東S","3500","-5.0(-0.14%)","0.58"
"3178","チムニー","東S","1161","-12.0(-1.02%)","0.49"
"3179","シュッピン","東P","1021","+4.0(+0.39%)","0.78"
"3180","ビューティガレージ","東P","1456","-58.0(-3.83%)","0.76"
"3181","買取王国","東S","980","+0.0(+0.00%)","0.64"
"3182","オイシックス・ラ・大地","東P","1463","-47.0(-3.11%)","0.79"
"3183","ウイン・パートナーズ","東P","1210","-40.0(-3.20%)","0.75"
"3184","ＩＣＤＡ　ＨＬＤＧ","東S","4400","-5.0(-0.11%)","0.30"
"3185","夢展望","東G","242","+28.0(+13.08%)","0.55"
"3186","ネクステージ","東P","3460","-50.0(-1.42%)","1.10"
"3187","ミラタップ","東G","233","-10.0(-4.12%)","0.59"
"3189","ＡＮＡＰ　ＨＬＤＧ","東S","126","-3.0(-2.33%)","0.97"
"3190","ホットマン","東S","571","+5.0(+0.88%)","0.29"
"3191","ジョイフル本田","東P","2115","-20.0(-0.94%)","0.31"
"3192","白鳩","東S","445","+5.0(+1.14%)","0.85"
"3193","エターナルホスピタリティグルー","東P","2774","-70.0(-2.46%)","0.82"
"3195","ジェネレーションパス","東G","418","+13.0(+3.21%)","0.80"
"3196","ホットランドＨＬＤＧ","東P","1582","+12.0(+0.76%)","0.47"
"3197","すかいらーくＨＬＤＧ","東P","2829.5","-55.0(-1.91%)","0.45"
"3198","ＳＦＰ　ＨＬＤＧ","東P","2264","-19.0(-0.83%)","0.41"
"3199","綿半ＨＬＤＧ","東P","1341","-26.0(-1.90%)","0.52"
"3201","日本毛織","東P","1796","-30.0(-1.64%)","0.62"
"3202","ダイトウボウ","東S","125","+0.0(+0.00%)","0.42"
"3204","トーア紡コーポレーション","東S","511","-7.0(-1.35%)","0.33"
"3205","ダイドーリミテッド","東S","764","+18.0(+2.41%)","0.77"
"3221","ヨシックスＨＬＤＧ","東P","3225","-110.0(-3.30%)","0.48"
"3222","ユナイテッド・スーパーマーケッ","東S","815","-20.0(-2.40%)","0.26"
"3223","エスエルディー","東S","890","-9.0(-1.00%)","0.58"
"3224","ゼネラル・オイスター","東G","740","+8.0(+1.09%)","0.69"
"3226","三井不動産アコモデーションファ","東REIT","126200","-1,500.0(-1.17%)","0.22"
"3231","野村不動産ＨＬＤＧ","東P","950.0","-24.3(-2.49%)","0.80"
"3232","三重交通グループＨＬＤＧ","東P","511","-9.0(-1.73%)","0.68"
"3234","森ヒルズリート投資法人","東REIT","129900","-1,500.0(-1.14%)","0.27"
"3236","プロパスト","東S","295","-8.0(-2.64%)","0.88"
"3237","イントランス","東G","69","-2.0(-2.82%)","0.65"
"3238","セントラル総合開発","東S","363","-13.0(-3.46%)","0.55"
"3241","ウィル","東S","591","-6.0(-1.01%)","0.65"
"3242","アーバネットコーポレーション","東S","531","+1.0(+0.19%)","0.60"
"3245","ディア・ライフ","東P","1013","-3.0(-0.30%)","0.76"
"3246","コーセーアールイー","東S","648","-2.0(-0.31%)","0.46"
"3248","アールエイジ","東S","844","-1.0(-0.12%)","0.56"
"3249","産業ファンド投資法人","東REIT","141300","-1,800.0(-1.26%)","0.31"
"3252","地主","東P","3130","-110.0(-3.40%)","0.90"
"3260","エスポア","名N","779","+0.0(+0.00%)","0.42"
"3261","グランディーズ","東G","395","+3.0(+0.77%)","0.41"
"3266","ファンドクリエーショングループ","東S","79","-2.0(-2.47%)","0.95"
"3267","フィル・カンパニー","東S","732","-3.0(-0.41%)","1.11"
"3269","アドバンス・レジデンス投資法人","東REIT","157700","+200.0(+0.13%)","0.19"
"3271","ＴＨＥグローバル社","東S","1279","+1.0(+0.08%)","0.87"
"3276","ＪＰＭＣ","東P","1315","-38.0(-2.81%)","0.47"
"3277","サンセイランディック","東S","1322","-63.0(-4.55%)","0.46"
"3279","アクティビア・プロパテ投資法人","東REIT","134500","-2,000.0(-1.47%)","0.30"
"3280","エストラスト","東S","905","-31.0(-3.31%)","0.66"
"3281","ＧＬＰ投資法人","東REIT","132700","-2,400.0(-1.78%)","0.23"
"3282","コンフォリア・レジデン投資法人","東REIT","105400","-500.0(-0.47%)","0.19"
"3283","日本プロロジスリート投資法人","東REIT","86500","-1,400.0(-1.59%)","0.18"
"3284","フージャースＨＬＤＧ","東P","1205","-11.0(-0.90%)","0.72"
"3286","トラストＨＬＤＧ","東S","1016","+7.0(+0.69%)","0.57"
"3287","星野リゾート・リート投資法人","東REIT","240300","-600.0(-0.25%)","0.38"
"3288","オープンハウスグループ","東P","8597.0","-356.0(-3.98%)","0.68"
"3289","東急不動産ＨＬＤＧ","東P","1301.0","-13.0(-0.99%)","0.92"
"3290","Ｏｎｅリート投資法人","東REIT","76200","-900.0(-1.17%)","0.25"
"3291","飯田グループＨＬＤＧ","東P","2103.0","-82.5(-3.77%)","0.66"
"3292","イオンリート投資法人","東REIT","122600","-1,600.0(-1.29%)","0.20"
"3293","アズマハウス","東S","772","-1.0(-0.13%)","0.37"
"3294","イーグランド","東S","4800","-5.0(-0.10%)","0.64"
"3295","ヒューリックリート投資法人","東REIT","157800","-2,200.0(-1.38%)","0.20"
"3296","日本リート投資法人","東REIT","87400","-1,000.0(-1.13%)","0.26"
"3297","東武住販","東S","1329","-19.0(-1.41%)","0.30"
"3299","ムゲンエステート","東S","1831","-4.0(-0.22%)","0.91"
"3300","アンビション　ＤＸ　ＨＬＤＧ","東G","2361","+66.0(+2.88%)","0.94"
"3302","帝国繊維","東P","3165","-35.0(-1.09%)","0.41"
"3306","日本製麻","東S","632","-12.0(-1.86%)","0.58"
"3309","積水ハウス・リート投資法人","東REIT","83600","-900.0(-1.07%)","0.23"
"3315","日本コークス工業","東P","100","+1.0(+1.01%)","1.00"
"3317","フライングガーデン","東S","1321","-8.0(-0.60%)","0.49"
"3320","クロスプラス","東S","1289","-9.0(-0.69%)","0.74"
"3321","ミタチ産業","東S","2040","+4.0(+0.20%)","1.08"
"3323","レカム","東S","70","-9.0(-11.39%)","0.72"
"3326","ランシステム","東S","619","-6.0(-0.96%)","0.64"
"3329","東和フードサービス","東S","2015","+2.0(+0.10%)","0.27"
"3333","あさひ","東P","1254","-4.0(-0.32%)","0.31"
"3346","ヒロタグループＨＬＤＧ","名N","85","+1.0(+1.19%)","0.15"
"3349","コスモス薬品","東P","6169.0","-100.0(-1.60%)","-0.04"
"3350","メタプラネット","東S","304","-24.0(-7.32%)","1.49"
"3352","バッファロー","東S","1650","-38.0(-2.25%)","0.55"
"3353","メディカル一光グループ","東S","2753","-6.0(-0.22%)","0.26"
"3355","クリヤマＨＬＤＧ","東S","1671","+10.0(+0.60%)","0.63"
"3358","Ｔｒａｉｌｈｅａｄ　Ｇｌｏｂａ","東S","95","-10.0(-9.52%)","0.62"
"3359","ｃｏｔｔａ","東G","482","-26.0(-5.12%)","0.94"
"3360","シップヘルスケアＨＬＤＧ","東P","2102.0","-42.0(-1.96%)","0.65"
"3361","トーエル","東S","846","+6.0(+0.71%)","0.36"
"3370","フジタコーポレーション","東S","545","+22.0(+4.21%)","0.72"
"3371","ソフトクリエイトＨＬＤＧ","東P","1628","+12.0(+0.74%)","0.74"
"3372","関門海","東S","219","+0.0(+0.00%)","0.45"
"3374","内外テック","東S","3040","+200.0(+7.04%)","1.02"
"3375","ＺＯＡ","東S","1820","+0.0(+0.00%)","0.63"
"3377","バイク王＆カンパニー","東S","389","-2.0(-0.51%)","0.52"
"3382","セブン＆アイＨＬＤＧ","東P","1878.5","+16.0(+0.86%)","0.58"
"3384","アークコア","名N","702","+0.0(+0.00%)","0.45"
"3386","コスモ・バイオ","東S","1233","-7.0(-0.56%)","0.54"
"3387","クリエイト・レストランツＨＬＤ","東P","712","-14.0(-1.93%)","0.38"
"3388","明治電機工業","東P","2204","+143.0(+6.94%)","1.01"
"3391","ツルハＨＬＤＧ","東P","2031.0","-75.5(-3.58%)","0.40"
"3392","デリカフーズＨＬＤＧ","東S","833","-15.0(-1.77%)","0.52"
"3393","スターティアＨＬＤＧ","東P","2957","+257.0(+9.52%)","0.75"
"3395","サンマルクＨＬＤＧ","東P","2570","-55.0(-2.10%)","0.44"
"3396","フェリシモ","東S","842","+0.0(+0.00%)","0.17"
"3397","トリドールＨＬＤＧ","東P","3750.0","-8.0(-0.21%)","0.34"
"3399","丸千代山岡家","東S","3050","-25.0(-0.81%)","0.66"
"3401","帝人","東P","1615.5","-66.0(-3.93%)","0.88"
"3402","東レ","東P","1076.5","-73.5(-6.39%)","0.99"
"3405","クラレ","東P","1602.5","-28.5(-1.75%)","1.03"
"3407","旭化成","東P","1690.0","-38.0(-2.20%)","0.88"
"3409","北紡","東S","115","-2.0(-1.71%)","0.88"
"3415","ＴＯＫＹＯ　ＢＡＳＥ","東P","332","+0.0(+0.00%)","0.76"
"3416","ピクスタ","東S","860","-10.0(-1.15%)","0.65"
"3417","大木ヘルスケアＨＬＤＧ","東S","1156","-199.0(-14.69%)","0.52"
"3418","バルニバービ","東G","1095","-1.0(-0.09%)","0.44"
"3419","アートグリーン","名N","1920","+0.0(+0.00%)","0.11"
"3420","ケー・エフ・シー","東S","1550","-22.0(-1.40%)","0.40"
"3421","稲葉製作所","東S","1679","-7.0(-0.42%)","0.53"
"3422","Ｊ−ＭＡＸ","東S","471","+11.0(+2.39%)","0.76"
"3423","エスイー","東S","263","-8.0(-2.95%)","0.50"
"3426","アトムリビンテック","東S","-","- (-%)","0.17"
"3431","宮地エンジニアリンググループ","東P","1508","-36.0(-2.33%)","0.86"
"3433","トーカロ","東P","3200","-115.0(-3.47%)","1.18"
"3434","アルファＣｏ","東S","1212","-38.0(-3.04%)","0.61"
"3435","サンコーテクノ","東S","1370","-7.0(-0.51%)","0.63"
"3436","ＳＵＭＣＯ","東P","2992.0","-98.0(-3.17%)","1.49"
"3437","特殊電極","東S","2846","-149.0(-4.97%)","0.23"
"3439","三ツ知","東S","720","-1.0(-0.14%)","0.45"
"3440","日創グループ","東S","934","+4.0(+0.43%)","0.67"
"3441","山王","東S","2486","-37.0(-1.47%)","0.93"
"3442","ＭＩＥコーポレーション","名M","1565","+0.0(+0.00%)","0.22"
"3443","川田テクノロジーズ","東P","1270","-49.0(-3.71%)","1.13"
"3444","菊池製作所","東S","1325","-96.0(-6.76%)","0.70"
"3445","ＲＳ　Ｔｅｃｈｎｏｌｏｇｉｅｓ","東P","6680","+40.0(+0.60%)","1.22"
"3446","ジェイテックコーポレーション","東S","1735","-16.0(-0.91%)","1.50"
"3447","信和","東S","911","-7.0(-0.76%)","0.59"
"3449","テクノフレックス","東S","6170","+430.0(+7.49%)","0.64"
"3451","トーセイ・リート投資法人","東REIT","132600","-1,500.0(-1.12%)","0.29"
"3452","ビーロット","東S","1413","+7.0(+0.50%)","1.04"
"3454","ファーストブラザーズ","東S","1176","-5.0(-0.42%)","0.70"
"3455","ヘルスケア＆メディカル投資法人","東REIT","110000","-1,700.0(-1.52%)","0.31"
"3457","Ａｎｄ　ＤｏＨＬＤＧ","東P","1057","-26.0(-2.40%)","0.70"
"3459","サムティ・レジデンシャル投資","東REIT","101000","-900.0(-0.88%)","0.26"
"3461","パルマ","東S","566","+3.0(+0.53%)","0.69"
"3462","野村不動産マスターファンド","東REIT","154600","-1,200.0(-0.77%)","0.26"
"3463","いちごホテルリート投資法人","東REIT","108300","+1,000.0(+0.93%)","0.35"
"3465","ケイアイスター不動産","東P","3475","-25.0(-0.71%)","0.78"
"3466","ラサールロジポート投資法人","東REIT","146900","-2,500.0(-1.67%)","0.24"
"3467","アグレ都市デザイン","東S","2563","-62.0(-2.36%)","0.77"
"3468","スターアジア不動産投資法人","東REIT","55000","-700.0(-1.26%)","0.33"
"3469","デュアルタップ","東S","1000","+2.0(+0.20%)","0.37"
"3470","マリモ地方創生リート投資法人","東REIT","109700","-100.0(-0.09%)","0.38"
"3471","三井不動産ロジスティクスパーク","東REIT","108400","-1,300.0(-1.19%)","0.30"
"3472","日本ホテル＆レジデンシャル投資","東REIT","68900","-200.0(-0.29%)","0.37"
"3474","Ｇ―ＦＡＣＴＯＲＹ","東G","546","-1.0(-0.18%)","0.51"
"3475","グッドコムアセット","東P","1371","-58.0(-4.06%)","0.71"
"3476","投資法人みらい","東REIT","44650","-350.0(-0.78%)","0.29"
"3477","フォーライフ","東G","787","-2.0(-0.25%)","0.30"
"3479","ティーケーピー","東G","1613","-75.0(-4.44%)","0.90"
"3480","ジェイ・エス・ビー","東P","5240","-30.0(-0.57%)","0.65"
"3481","三菱地所物流リート投資法人","東REIT","120500","-1,000.0(-0.82%)","0.28"
"3482","ロードスターキャピタル","東P","2883","-72.0(-2.44%)","1.09"
"3484","イノベーションＨＬＤＧ","東S","1102","-9.0(-0.81%)","0.39"
"3486","グローバル・リンク・マネジメン","東P","1797","+16.0(+0.90%)","1.21"
"3487","ＣＲＥロジスティクスファンド","東REIT","148900","-2,300.0(-1.52%)","0.29"
"3488","セントラル・リート投資法人","東REIT","107200","-200.0(-0.19%)","0.32"
"3489","フェイスネットワーク","東S","755","+62.0(+8.95%)","0.91"
"3490","アズ企画設計","東S","2796","-8.0(-0.29%)","0.52"
"3491","ＧＡ　ｔｅｃｈｎｏｌｏｇｉｅｓ","東G","1511","-41.0(-2.64%)","0.99"
"3492","ＭＩＲＡＲＴＨ不動産投資法人","東REIT","85100","-1,100.0(-1.28%)","0.33"
"3494","マリオン","東S","343","-5.0(-1.44%)","1.07"
"3495","香陵住販","東S","2395","-5.0(-0.21%)","0.24"
"3496","アズーム","東P","4295","+50.0(+1.18%)","0.78"
"3498","霞ヶ関キャピタル","東P","5980","-40.0(-0.66%)","1.44"
"3501","ＳＵＭＩＮＯＥ","東P","1261","-5.0(-0.39%)","0.59"
"3504","丸八ＨＬＤＧ","名M","1234","+68.0(+5.83%)","0.48"
"3512","日本フエルト","東S","764","-13.0(-1.67%)","0.52"
"3513","イチカワ","東S","2948","+13.0(+0.44%)","0.61"
"3521","テルマー湯ＨＬＤＧ","東S","151","-2.0(-1.31%)","0.73"
"3524","日東製網","東S","1422","-5.0(-0.35%)","0.39"
"3529","アツギ","東S","1037","+16.0(+1.57%)","0.64"
"3536","アクサスＨＬＤＧ","東S","130","+1.0(+0.78%)","0.22"
"3537","昭栄薬品","東S","1650","+30.0(+1.85%)","0.49"
"3538","ウイルプラスＨＬＤＧ","東S","950","+13.0(+1.39%)","0.64"
"3539","ＪＭ　ＨＬＤＧ","東P","1280","-44.0(-3.32%)","0.48"
"3542","ベガコーポレーション","東G","1514","-52.0(-3.32%)","0.41"
"3543","コメダＨＬＤＧ","東P","2926","-26.0(-0.88%)","0.31"
"3544","サツドラＨＬＤＧ","東S","808","-5.0(-0.62%)","0.35"
"3546","アレンザＨＬＤＧ","東P","1455","+0.0(+0.00%)","0.44"
"3547","ユニシアＨＬＤＧ","東S","1839","+28.0(+1.55%)","0.75"
"3548","バロックジャパンリミテッド","東P","724","-1.0(-0.14%)","0.38"
"3549","クスリのアオキＨＬＤＧ","東P","3861.0","+11.0(+0.29%)","0.44"
"3550","スタジオアタオ","東G","223","+1.0(+0.45%)","0.82"
"3551","ダイニック","東S","1375","+77.0(+5.93%)","0.66"
"3553","共和レザー","東S","872","-6.0(-0.68%)","0.88"
"3556","リネットジャパングループ","東G","775","-16.0(-2.02%)","1.05"
"3557","ユナイテッド＆コレクティブ","東G","549","-9.0(-1.61%)","0.16"
"3558","ジェイドグループ","東G","2116","+48.0(+2.32%)","1.24"
"3559","ピーバンドットコム","東S","450","-4.0(-0.88%)","0.94"
"3560","ほぼ日","東S","4100","+135.0(+3.40%)","0.18"
"3561","力の源ＨＬＤＧ","東P","1442","+5.0(+0.35%)","0.84"
"3562","Ｎｏ．１","東S","1572","-28.0(-1.75%)","0.70"
"3563","ＦＯＯＤ　＆　ＬＩＦＥ　ＣＯＭ","東P","10465.0","+125.0(+1.21%)","0.75"
"3565","アセンテック","東S","476","-1.0(-0.21%)","0.98"
"3566","ユニフォームネクスト","東G","908","-11.0(-1.20%)","0.52"
"3569","セーレン","東P","3255","-20.0(-0.61%)","0.61"
"3571","ソトー","東S","697","-3.0(-0.43%)","0.35"
"3577","東海染工","東S","945","+15.0(+1.61%)","0.23"
"3580","小松マテーレ","東P","728","+21.0(+2.97%)","0.65"
"3583","オーベクス","東S","1184","-32.0(-2.63%)","0.46"
"3591","ワコールＨＬＤＧ","東P","4340.0","-40.0(-0.91%)","0.63"
"3597","自重堂","東S","10230","-50.0(-0.49%)","0.26"
"3598","山喜","東S","159","+0.0(+0.00%)","0.60"
"3600","フジックス","東S","1652","+11.0(+0.67%)","0.36"
"3607","クラウディアＨＬＤＧ","東S","352","+1.0(+0.28%)","0.64"
"3608","ＴＳＩ　ＨＬＤＧ","東P","1164","-25.0(-2.10%)","0.62"
"3611","マツオカコーポレーション","東S","2437","+71.0(+3.00%)","0.90"
"3612","ワールド","東P","1511","-2.0(-0.13%)","0.63"
"3622","ネットイヤーグループ","東S","507","-11.0(-2.12%)","0.51"
"3623","ビリングシステム","東G","1059","+33.0(+3.22%)","0.51"
"3624","アクセルマーク","東G","63","+2.0(+3.28%)","1.02"
"3625","テックファームＨＬＤＧ","東G","601","-31.0(-4.91%)","0.90"
"3626","ＴＩＳ","東P","3502.0","+49.0(+1.42%)","0.49"
"3627","テクミラＨＬＤＧ","東S","293","-6.0(-2.01%)","0.89"
"3628","データホライゾン","東G","575","-6.0(-1.03%)","0.61"
"3632","グリーＨＬＤＧ","東P","408","+3.0(+0.74%)","0.57"
"3633","ＧＭＯペパボ","東S","1800","-29.0(-1.59%)","0.77"
"3634","ソケッツ","東S","618","+10.0(+1.64%)","0.63"
"3635","コーエーテクモＨＬＤＧ","東P","1492.5","-25.5(-1.68%)","0.61"
"3636","三菱総合研究所","東P","4530","-50.0(-1.09%)","0.82"
"3639","ボルテージ","東S","232","+1.0(+0.43%)","0.61"
"3640","電算","東S","2453","-500.0(-16.93%)","0.50"
"3641","パピレス","東S","967","-5.0(-0.51%)","0.34"
"3645","メディカルネット","東G","296","-4.0(-1.33%)","0.52"
"3646","駅探","東S","328","+1.0(+0.31%)","0.68"
"3647","アスリナ","東S","113","-3.0(-2.59%)","0.78"
"3648","ＡＧＳ","東S","1064","+0.0(+0.00%)","0.75"
"3649","ファインデックス","東P","751","-23.0(-2.97%)","0.65"
"3652","ディジタルメディアプロ","東G","3795","+475.0(+14.31%)","1.41"
"3653","モルフォ","東G","667","-10.0(-1.48%)","1.04"
"3656","ＫＬａｂ","東P","304","+29.0(+10.55%)","1.09"
"3657","ポールトゥウィンＨＬＤＧ","東P","294","+1.0(+0.34%)","0.94"
"3659","ネクソン","東P","2190.5","-52.5(-2.34%)","0.84"
"3660","アイスタイル","東P","388","-4.0(-1.02%)","1.20"
"3661","エムアップＨＬＤＧ","東P","646","-67.0(-9.40%)","0.94"
"3662","エイチームＨＬＤＧ","東P","983","-15.0(-1.50%)","0.81"
"3663","セルシス","東P","1444","+0.0(+0.00%)","0.92"
"3664","ＷＩＺＥ","東G","28","-5.0(-15.15%)","1.24"
"3665","エニグモ","東P","370","+0.0(+0.00%)","0.74"
"3667","ｅｎｉｓｈ","東S","40","-2.0(-4.76%)","1.16"
"3668","コロプラ","東P","377","-4.0(-1.05%)","0.68"
"3670","協立情報通信","東S","1554","+3.0(+0.19%)","0.26"
"3671","ソフトマックス","東S","304","+2.0(+0.66%)","0.71"
"3672","オルトプラス","東S","32","-1.0(-3.03%)","1.06"
"3673","ブロードリーフ","東P","950","+0.0(+0.00%)","0.78"
"3674","オークファン","東G","329","+2.0(+0.61%)","0.73"
"3675","クロス・マーケティンググループ","東S","582","-1.0(-0.17%)","0.95"
"3676","デジタルハーツＨＬＤＧ","東P","740","-19.0(-2.50%)","0.87"
"3678","メディアドゥ","東P","1190","-19.0(-1.57%)","0.67"
"3679","じげん","東P","405","-1.0(-0.25%)","0.89"
"3680","ホットリンク","東G","207","-11.0(-5.05%)","1.23"
"3681","ブイキューブ","東P","21","-3.0(-12.50%)","0.85"
"3682","エンカレッジ・テクノロジ","東S","576","-19.0(-3.19%)","0.49"
"3683","サイバーリンクス","東S","1100","+34.0(+3.19%)","0.77"
"3686","ディー・エル・イー","東S","94","-1.0(-1.05%)","1.33"
"3687","フィックスターズ","東P","1624","+70.0(+4.50%)","1.36"
"3690","イルグルム","東S","534","-7.0(-1.29%)","0.45"
"3691","デジタルプラス","東G","1668","-307.0(-15.54%)","0.87"
"3692","ＦＦＲＩセキュリティ","東G","6270","-610.0(-8.87%)","1.21"
"3694","オプティム","東P","394","-49.0(-11.06%)","0.91"
"3695","ＧＭＯプロダクトプラットフォー","東G","1715","-34.0(-1.94%)","0.58"
"3696","セレス","東P","1888","-26.0(-1.36%)","1.29"
"3697","ＳＨＩＦＴ","東P","643.3","+14.5(+2.31%)","0.79"
"3698","ＣＲＩ・ミドルウェア","東S","1051","+41.0(+4.06%)","0.81"
"3708","特種東海製紙","東P","1660","-54.0(-3.15%)","0.49"
"3710","ジョルダン","東S","606","-3.0(-0.49%)","0.10"
"3712","情報企画","東S","1088","-6.0(-0.55%)","0.52"
"3719","ＡＩストーム","東S","186","-17.0(-8.37%)","1.06"
"3723","日本ファルコム","東G","2544","+24.0(+0.95%)","0.48"
"3726","フォーシーズＨＤ","東S","404","-58.0(-12.55%)","0.68"
"3727","アプリックス","東G","147","+0.0(+0.00%)","1.16"
"3733","ソフトウェア・サービス","東S","11340","+110.0(+0.98%)","0.66"
"3739","コムシード","名N","133","+0.0(+0.00%)","0.87"
"3741","セック","東P","3740","+10.0(+0.27%)","1.10"
"3744","サイオス","東S","522","-9.0(-1.69%)","0.89"
"3747","インタートレード","東S","515","-14.0(-2.65%)","1.13"
"3750","ＡＤＲ１２０Ｓ","東S","804","-4.0(-0.50%)","0.21"
"3753","フライトソリューションズ","東S","150","-15.0(-9.09%)","0.89"
"3758","アエリア","東S","243","-3.0(-1.22%)","0.95"
"3760","ケイブ","東S","604","+9.0(+1.51%)","1.16"
"3762","テクマトリックス","東P","1821","+28.0(+1.56%)","0.49"
"3763","プロシップ","東P","1554","-76.0(-4.66%)","0.66"
"3765","ガンホー・オンライン","東P","2460","-26.0(-1.05%)","0.60"
"3766","システムズ・デザイン","東S","1297","-1.0(-0.08%)","0.50"
"3768","リスクモンスター","東S","567","-1.0(-0.18%)","0.43"
"3769","ＧＭＯペイメントゲートウェイ","東P","8774.0","+1,500.0(+20.62%)","0.75"
"3771","システムリサーチ","東P","1736","+2.0(+0.12%)","0.82"
"3772","ウェルス・マネジメント","東S","1069","+3.0(+0.28%)","0.72"
"3773","アドバンスト・メディア","東G","974","+81.0(+9.07%)","0.93"
"3774","インターネットイニシアティブ","東P","3090.0","+55.0(+1.81%)","0.55"
"3775","ガイアックス","名N","433","-5.0(-1.14%)","0.46"
"3776","ブロードバンドタワー","東S","246","-4.0(-1.60%)","1.21"
"3777","環境フレンドリーＨＬＤＧ","東G","50","-6.0(-10.71%)","1.28"
"3778","さくらインターネット","東P","3070","+10.0(+0.33%)","1.15"
"3779","ジェイ・エスコムＨＬＤＧ","東S","150","+5.0(+3.45%)","1.31"
"377A","エージェントＩＧＨＬＤＧ","名M","1055","+150.0(+16.57%)","0.22"
"3787","テクノマセマティカル","東S","357","+4.0(+1.13%)","0.68"
"3788","ＧＭＯグローバルサイン・ＨＬＤ","東P","1864","-42.0(-2.20%)","1.14"
"3791","ＩＧポート","東S","1374","-13.0(-0.94%)","0.64"
"3793","ドリコム","東G","466","+7.0(+1.53%)","1.07"
"3796","いい生活","東S","278","-9.0(-3.14%)","0.53"
"3798","ＵＬＳグループ","東S","508","-9.0(-1.74%)","0.73"
"3799","キーウェアソリューションズ","東S","1037","-13.0(-1.24%)","0.81"
"3800","ユニリタ","東S","1879","-10.0(-0.53%)","0.07"
"3802","エコミック","東S","471","+0.0(+0.00%)","0.36"
"3803","イメージ情報開発","東G","577","-22.0(-3.67%)","0.48"
"3804","システム　ディ","東S","471","-2.0(-0.42%)","0.19"
"3807","フィスコ","東G","99","+3.0(+3.13%)","1.17"
"3808","オーケーウェブ","名N","36","+0.0(+0.00%)","0.57"
"3810","サイバーステップ　ＨＬＤＧ","東S","354","-21.0(-5.60%)","1.29"
"3815","メディア工房","東G","444","-2.0(-0.45%)","0.52"
"3816","大和コンピューター","東S","1140","+6.0(+0.53%)","0.34"
"3817","ＳＲＡ　ＨＬＤＧ","東P","4675","-65.0(-1.37%)","0.66"
"3823","ＴＨＥ　ＷＨＹ　ＨＯＷ　ＤＯ","東S","36","-2.0(-5.26%)","0.99"
"3824","メディアファイブ","福Q","683","-4.0(-0.58%)","-0.05"
"3825","リミックスポイント","東S","202","-6.0(-2.88%)","1.32"
"3826","システムインテグレータ","東S","451","+1.0(+0.22%)","0.63"
"3834","朝日ネット","東P","606","-6.0(-0.98%)","0.36"
"3835","ｅＢＡＳＥ","東P","386","-38.0(-8.96%)","0.77"
"3836","アバントグループ","東P","1171","-1.0(-0.09%)","0.40"
"3837","アドソル日進","東P","1500","-17.0(-1.12%)","0.90"
"3839","ＯＤＫソリューションズ","東S","620","+4.0(+0.65%)","0.19"
"3840","パス","東S","58","+3.0(+5.45%)","1.22"
"3841","ジーダット","東S","1231","-44.0(-3.45%)","0.62"
"3842","ネクストジェン","東S","1000","+8.0(+0.81%)","0.69"
"3843","フリービット","東P","1421","+7.0(+0.50%)","0.99"
"3844","コムチュア","東P","1285","-19.0(-1.46%)","0.89"
"3845","アイフリークモバイル","東S","250","+2.0(+0.81%)","0.73"
"3848","データ・アプリケーション","東S","893","+12.0(+1.36%)","0.40"
"3849","日本テクノ・ラボ","札A","618","+40.0(+6.92%)","0.09"
"3850","エヌ・ティ・ティ・データ・イン","東S","2678","+21.0(+0.79%)","0.66"
"3851","日本一ソフトウェア","東S","830","+0.0(+0.00%)","0.37"
"3853","アステリア","東P","1789","+265.0(+17.39%)","1.31"
"3854","アイル","東P","2398","+54.0(+2.30%)","0.66"
"3856","Ａｂａｌａｎｃｅ","東S","506","-12.0(-2.32%)","1.21"
"3858","ユビキタスＡＩ","東S","339","-3.0(-0.88%)","1.20"
"3861","王子ＨＬＤＧ","東P","810.0","-47.0(-5.48%)","0.50"
"3863","日本製紙","東P","1474","+24.0(+1.66%)","0.56"
"3864","三菱製紙","東P","1036","+27.0(+2.68%)","1.01"
"3865","北越コーポレーション","東P","831","-61.0(-6.84%)","0.51"
"3877","中越パルプ工業","東P","1969","-56.0(-2.77%)","0.61"
"3878","巴川","東S","924","+8.0(+0.87%)","1.04"
"3880","大王製紙","東P","959","-10.0(-1.03%)","0.64"
"3891","ニッポン高度紙工業","東S","6430","+330.0(+5.41%)","1.23"
"3892","岡山製紙","東S","1733","+0.0(+0.00%)","0.56"
"3895","ハビックス","東S","413","-2.0(-0.48%)","0.49"
"3896","阿波製紙","東S","431","+24.0(+5.90%)","0.96"
"3900","クラウドワークス","東G","554","-11.0(-1.95%)","0.65"
"3901","マークラインズ","東P","1324","-129.0(-8.88%)","0.82"
"3903","ｇｕｍｉ","東P","303","-9.0(-2.88%)","1.39"
"3904","カヤック","東G","417","-8.0(-1.88%)","0.81"
"3905","データセクション","東G","2843","+500.0(+21.34%)","1.35"
"3907","シリコンスタジオ","東S","913","-39.0(-4.10%)","0.63"
"3908","コラボス","東S","300","-6.0(-1.96%)","0.42"
"3909","ショーケース","東S","228","+4.0(+1.79%)","0.62"
"3910","エムケイシステム","東S","283","-7.0(-2.41%)","0.70"
"3911","Ａｉｍｉｎｇ","東G","177","-4.0(-2.21%)","1.06"
"3912","モバイルファクトリー","東S","1075","-35.0(-3.15%)","0.59"
"3913","ＧｒｅｅｎＢｅｅ","東S","1120","+9.0(+0.81%)","0.89"
"3914","ＪＩＧ―ＳＡＷ","東G","2694","-55.0(-2.00%)","0.66"
"3915","テラスカイ","東P","1909","-12.0(-0.62%)","1.24"
"3916","デジタル・インフォメーション","東P","886","-6.0(-0.67%)","0.80"
"3917","アイリッジ","東G","449","-1.0(-0.22%)","0.72"
"3918","ＰＣＩ　ＨＬＤＧ","東S","1197","+56.0(+4.91%)","0.87"
"3920","アイビーシー","東S","989","-12.0(-1.20%)","0.80"
"3921","ネオジャパン","東P","1571","+1.0(+0.06%)","0.72"
"3922","ＰＲ　ＴＩＭＥＳ","東P","2265","+13.0(+0.58%)","0.64"
"3923","ラクス","東P","832.4","+22.4(+2.77%)","0.83"
"3925","ダブルスタンダード","東P","1182","-22.0(-1.83%)","0.95"
"3926","オープンドア","東S","279","-7.0(-2.45%)","0.89"
"3927","フーバーブレイン","東S","996","-4.0(-0.40%)","1.11"
"3928","マイネット","東S","260","-22.0(-7.80%)","1.23"
"3929","ソーシャルワイヤー","東G","367","+18.0(+5.16%)","0.88"
"3930","はてな","東G","927","+6.0(+0.65%)","0.49"
"3931","バリューゴルフ","東G","1815","-1.0(-0.06%)","0.36"
"3932","アカツキ","東P","2969","-25.0(-0.84%)","0.73"
"3933","チエル","東S","593","-128.0(-17.75%)","0.62"
"3934","ベネフィットジャパン","東S","2158","+1.0(+0.05%)","0.52"
"3935","エディア","東S","626","-21.0(-3.25%)","1.08"
"3936","グローバルウェイ","東G","174","+13.0(+8.07%)","1.28"
"3937","Ｕｂｉｃｏｍ　ＨＬＤＧ","東S","1003","-22.0(-2.15%)","0.99"
"3939","カナミックネットワーク","東P","509","-6.0(-1.17%)","0.72"
"3940","ノムラシステムコーポレーション","東S","123","+2.0(+1.65%)","0.64"
"3941","レンゴー","東P","1384.5","-19.5(-1.39%)","0.72"
"3943","大石産業","東S","1272","-49.0(-3.71%)","0.25"
"3944","古林紙工","東S","2373","+0.0(+0.00%)","0.31"
"3945","スーパーバッグ","東S","2144","-49.0(-2.23%)","0.68"
"3946","トーモク","東P","3905","-40.0(-1.01%)","0.67"
"3947","ダイナパック","東S","2200","-60.0(-2.65%)","0.49"
"3948","光ビジネスフォーム","東S","1156","+5.0(+0.43%)","0.34"
"3950","ザ・パック","東P","1323","-1.0(-0.08%)","0.60"
"3951","朝日印刷","東S","852","-4.0(-0.47%)","0.36"
"3953","大村紙業","東S","740","+0.0(+0.00%)","0.55"
"3954","昭和パックス","東S","3025","-55.0(-1.79%)","0.56"
"3955","イムラ","東S","780","+9.0(+1.17%)","0.32"
"3958","笹徳印刷","東S","552","-1.0(-0.18%)","0.49"
"3962","チェンジＨＬＤＧ","東P","933","+7.0(+0.76%)","1.09"
"3963","シンクロ・フード","東P","369","-13.0(-3.40%)","0.73"
"3964","オークネット","東P","1435","-38.0(-2.58%)","0.87"
"3965","キャピタル・アセット・プランニ","東S","845","-25.0(-2.87%)","0.51"
"3967","エルテス","東G","596","+0.0(+0.00%)","0.73"
"3968","セグエグループ","東P","561","-9.0(-1.58%)","0.76"
"3969","エイトレッド","東S","1377","-9.0(-0.65%)","0.49"
"3970","イノベーション","東G","819","+0.0(+0.00%)","0.57"
"3974","ＳＣＡＴ","東S","571","-5.0(-0.87%)","0.53"
"3976","シャノン","東G","432","+45.0(+11.63%)","0.71"
"3977","フュージョン","札A","494","-8.0(-1.59%)","0.33"
"3979","うるる","東G","351","+5.0(+1.45%)","0.67"
"3981","ビーグリー","東S","1242","-44.0(-3.42%)","0.54"
"3983","オロ","東P","1986","+36.0(+1.85%)","0.75"
"3984","ユーザーローカル","東P","1706","+4.0(+0.24%)","1.28"
"3985","テモナ","東S","180","-2.0(-1.10%)","0.73"
"3986","ビーブレイクシステムズ","東S","528","+1.0(+0.19%)","0.25"
"3987","エコモット","東G","556","+3.0(+0.54%)","0.91"
"3988","ＳＹＳ　ＨＬＤＧ","東S","546","-1.0(-0.18%)","0.64"
"3989","シェアリングテクノロジー","東G","1017","-87.0(-7.88%)","0.65"
"3991","ウォンテッドリー","東G","995","-28.0(-2.74%)","0.47"
"3992","ニーズウェル","東P","424","-6.0(-1.40%)","1.17"
"3993","ＰＫＳＨＡ　Ｔｅｃｈｎｏｌｏｇ","東P","2880","-22.0(-0.76%)","1.34"
"3994","マネーフォワード","東P","4052.0","-363.0(-8.22%)","0.71"
"3996","サインポスト","東S","217","+7.0(+3.33%)","0.97"
"3997","トレードワークス","東S","303","-6.0(-1.94%)","0.97"
"3998","すららネット","東G","313","-1.0(-0.32%)","0.57"
"4004","レゾナック・ＨＬＤＧ","東P","16690.0","-510.0(-2.97%)","1.51"
"4005","住友化学","東P","603.8","-19.8(-3.18%)","0.90"
"4008","住友精化","東P","1243","-17.0(-1.35%)","0.86"
"4011","ヘッドウォータース","東G","2402","+311.0(+14.87%)","1.30"
"4012","アクシス","東S","1603","-3.0(-0.19%)","0.81"
"4013","勤次郎","東G","646","+30.0(+4.87%)","0.95"
"4014","カラダノート","東G","392","+0.0(+0.00%)","0.68"
"4015","ペイクラウドＨＬＤＧ","東G","465","-3.0(-0.64%)","0.87"
"4016","ＭＩＴ　ＨＬＤＧ","東S","889","-11.0(-1.22%)","0.47"
"4017","クリーマ","東G","216","+0.0(+0.00%)","0.89"
"4018","Ｇｅｏｌｏｃａｔｉｏｎ　Ｔｅｃ","福Q","1140","-3.0(-0.26%)","0.17"
"4019","スタメン","東G","569","-59.0(-9.39%)","0.89"
"4020","ビートレンド","東G","680","+0.0(+0.00%)","0.43"
"4021","日産化学","東P","7355.0","+121.0(+1.67%)","0.81"
"4022","ラサ工業","東P","2040","-8.0(-0.39%)","1.19"
"4023","クレハ","東P","3715","-120.0(-3.13%)","0.77"
"4025","多木化学","東P","5320","-130.0(-2.39%)","0.87"
"4026","神島化学工業","東S","1859","-85.0(-4.37%)","1.25"
"4027","テイカ","東P","2030","-17.0(-0.83%)","1.15"
"4028","石原産業","東P","2759","-19.0(-0.68%)","1.23"
"4031","片倉コープアグリ","東S","1380","+27.0(+2.00%)","0.45"
"4040","南海化学","東S","3995","+205.0(+5.41%)","1.11"
"4041","日本曹達","東P","3545","+85.0(+2.46%)","0.68"
"4042","東ソー","東P","2580.0","-47.0(-1.79%)","0.90"
"4043","トクヤマ","東P","4418.0","-227.0(-4.89%)","0.91"
"4044","セントラル硝子","東P","3985","+40.0(+1.01%)","0.93"
"4045","東亞合成","東P","1746.5","-2.0(-0.11%)","0.72"
"4046","大阪ソーダ","東P","1843","+12.0(+0.66%)","0.89"
"4047","関東電化工業","東P","2550","+500.0(+24.39%)","1.18"
"4051","ＧＭＯ　フィナンシャルゲート","東P","5270","-300.0(-5.39%)","0.90"
"4052","フィーチャ","東G","274","+8.0(+3.01%)","0.75"
"4053","Ｓｕｎ　Ａｓｔｅｒｉｓｋ","東P","504","+59.0(+13.26%)","1.05"
"4054","日本情報クリエイト","東G","513","-3.0(-0.58%)","1.04"
"4055","ティアンドエスグループ","東G","2307","+252.0(+12.26%)","1.43"
"4056","ニューラルグループ","東G","261","-9.0(-3.33%)","1.11"
"4057","インターファクトリー","東G","382","-3.0(-0.78%)","0.45"
"4058","トヨクモ","東G","1906","-37.0(-1.90%)","1.03"
"4059","まぐまぐ","東S","358","-32.0(-8.21%)","0.70"
"4060","ｒａｋｕｍｏ","東G","1073","+14.0(+1.32%)","0.89"
"4061","デンカ","東P","3750.0","-126.0(-3.25%)","1.03"
"4062","イビデン","東P","15635.0","-25.0(-0.16%)","1.67"
"4063","信越化学工業","東P","7013.0","-92.0(-1.29%)","1.18"
"4064","日本カーバイド工業","東P","2929","-28.0(-0.95%)","1.04"
"4068","ベイシス","東G","1755","+24.0(+1.39%)","0.39"
"4069","ＢｌｕｅＭｅｍｅ","東G","860","-21.0(-2.38%)","0.94"
"4071","プラスアルファコンサルティング","東P","2301","+5.0(+0.22%)","0.85"
"4072","電算システムＨＬＤＧ","東P","2788","-31.0(-1.10%)","0.81"
"4073","ジィ・シィ企画","東G","494","-1.0(-0.20%)","0.73"
"4074","ラキール","東G","708","+8.0(+1.14%)","1.03"
"4075","ブレインズテクノロジー","東G","1165","-17.0(-1.44%)","0.86"
"4076","シイエヌエス","東G","1737","-21.0(-1.19%)","0.46"
"4078","堺化学工業","東P","3335","-95.0(-2.77%)","1.03"
"4082","第一稀元素化学工業","東P","2166","-22.0(-1.01%)","1.02"
"4088","エア・ウォーター","東P","2302","+19.0(+0.83%)","0.87"
"4091","日本酸素ＨＤ","東P","5994.0","-122.0(-1.99%)","1.04"
"4092","日本化学工業","東P","3655","-80.0(-2.14%)","1.29"
"4093","東邦アセチレン","東S","377","-6.0(-1.57%)","0.69"
"4094","日本化学産業","東S","2062","-35.0(-1.67%)","0.55"
"4095","日本パーカライジング","東P","1492","-39.0(-2.55%)","0.85"
"4097","高圧ガス工業","東P","1077","-43.0(-3.84%)","0.75"
"4098","チタン工業","東S","983","-30.0(-2.96%)","0.55"
"4099","四国化成ＨＬＤＧ","東P","5820","-60.0(-1.02%)","1.15"
"4100","戸田工業","東S","1482","-56.0(-3.64%)","1.10"
"4102","丸尾カルシウム","東S","1425","+0.0(+0.00%)","0.16"
"4107","伊勢化学工業","東S","4250","-155.0(-3.52%)","1.15"
"4109","ステラ　ケミファ","東P","6680","+680.0(+11.33%)","0.97"
"4112","保土谷化学工業","東P","2314","-240.0(-9.40%)","1.14"
"4113","田岡化学工業","東S","777","-66.0(-7.83%)","1.10"
"4114","日本触媒","東P","2036.5","-60.5(-2.89%)","0.65"
"4116","大日精化工業","東P","1062","-42.0(-3.80%)","0.87"
"4118","カネカ","東P","5320.0","-35.0(-0.65%)","0.84"
"4119","日本ピグメントＨＬＤＧ","東S","6050","+390.0(+6.89%)","0.60"
"4120","スガイ化学工業","東S","2384","+85.0(+3.70%)","0.36"
"4124","大阪油化工業","東S","2551","-99.0(-3.74%)","0.44"
"4125","三和油化工業","東S","3135","-700.0(-18.25%)","1.06"
"4151","協和キリン","東P","2305.5","-64.5(-2.72%)","0.51"
"4165","プレイド","東G","525","+7.0(+1.35%)","0.89"
"4166","かっこ","東G","657","-15.0(-2.23%)","0.71"
"4167","ココペリ","東G","301","+5.0(+1.69%)","0.93"
"4168","ヤプリ","東G","728","-3.0(-0.41%)","1.04"
"4169","ＥＮＥＣＨＡＮＧＥ","東G","281","-13.0(-4.42%)","1.25"
"416A","富士ユナイトＨＬＤＧ","東S","1125","-70.0(-5.86%)","0.70"
"4170","Ｋａｉｚｅｎ　Ｐｌａｔｆｏｒｍ","東G","138","-22.0(-13.75%)","1.17"
"4171","グローバルインフォメーション","東S","1236","+1.0(+0.08%)","0.58"
"4172","Ｈｉクラテス","東S","2300","+0.0(+0.00%)","0.64"
"4174","アピリッツ","東S","624","-9.0(-1.42%)","0.51"
"4175","ｃｏｌｙ","東G","1696","+25.0(+1.50%)","0.91"
"4176","ココナラ","東G","257","+0.0(+0.00%)","1.22"
"4177","Ｉ−ＰＬＵＧ","東G","1519","+2.0(+0.13%)","0.68"
"4178","Ｓｈａｒｉｎｇ　Ｉｎｎｏｖａｔ","東G","535","+7.0(+1.33%)","0.43"
"4179","ジーネクスト","東G","307","+8.0(+2.68%)","0.61"
"417A","ブルーゾーン　ＨＬＤＧ","東P","1743.0","-32.0(-1.80%)","0.22"
"4180","Ａｐｐｉｅｒ　Ｇｒｏｕｐ","東P","973","+6.0(+0.62%)","1.10"
"4182","三菱瓦斯化学","東P","4620.0","-21.0(-0.45%)","1.12"
"4183","三井化学","東P","2090.0","-59.5(-2.77%)","0.92"
"4186","東京応化工業","東P","10390.0","-370.0(-3.44%)","1.46"
"4187","大阪有機化学工業","東P","5090","-30.0(-0.59%)","1.40"
"4188","三菱ケミカルグループ","東P","1007.5","-9.0(-0.89%)","1.02"
"4189","ＫＨネオケム","東P","2659","-34.0(-1.26%)","0.86"
"4192","スパイダープラス","東G","290","+17.0(+6.23%)","1.28"
"4193","ファブリカＨＬＤＧ","東S","2209","-72.0(-3.16%)","0.29"
"4194","ビジョナル","東P","7523.0","+78.0(+1.05%)","0.61"
"4196","ネオマーケティング","東S","1447","+15.0(+1.05%)","0.46"
"4197","アスマーク","東S","2386","-2.0(-0.08%)","0.36"
"4198","テンダ","東S","560","+11.0(+2.00%)","0.62"
"4199","ワンダープラネット","東G","743","-14.0(-1.85%)","0.96"
"4202","ダイセル","東P","1145.5","-41.0(-3.46%)","1.04"
"4203","住友ベークライト","東P","6468.0","-104.0(-1.58%)","1.16"
"4204","積水化学工業","東P","2317.5","-17.0(-0.73%)","0.78"
"4205","日本ゼオン","東P","2167.0","-78.0(-3.47%)","0.83"
"4206","アイカ工業","東P","3451.0","-31.0(-0.89%)","0.33"
"4208","ＵＢＥ","東P","2400.5","+16.5(+0.69%)","0.91"
"4212","積水樹脂","東P","2151","-10.0(-0.46%)","0.73"
"4216","旭有機材","東P","6290","+320.0(+5.36%)","1.02"
"4218","ニチバン","東P","1866","-36.0(-1.89%)","0.43"
"4220","リケンテクノス","東P","1651","-30.0(-1.78%)","0.97"
"4221","大倉工業","東P","4935","-45.0(-0.90%)","0.76"
"4222","児玉化学工業","東S","859","-35.0(-3.91%)","1.67"
"4224","ロンシール工業","東S","1977","-23.0(-1.15%)","0.48"
"4228","積水化成品工業","東P","503","-29.0(-5.45%)","0.99"
"4229","群栄化学工業","東P","4710","-235.0(-4.75%)","0.85"
"4231","タイガースポリマー","東S","951","+15.0(+1.60%)","0.95"
"4234","サンエー化研","東S","690","-38.0(-5.22%)","0.55"
"4235","ウルトラファブリックスＨＬＤＧ","東S","683","+31.0(+4.75%)","1.16"
"4237","フジプレアム","東S","342","+12.0(+3.64%)","1.01"
"4238","ミライアル","東S","1405","+28.0(+2.03%)","1.06"
"4240","クラスターテクノロジー","東S","339","-80.0(-19.09%)","0.89"
"4241","アテクト","東S","659","-33.0(-4.77%)","0.95"
"4242","タカギセイコー","東S","1638","-11.0(-0.67%)","0.53"
"4243","ニックス","東S","870","+10.0(+1.16%)","0.54"
"4245","ダイキアクシス","東S","670","-4.0(-0.59%)","0.53"
"4246","ダイキョーニシカワ","東P","1038","-31.0(-2.90%)","0.80"
"4247","ポバール興業","東S","1304","-7.0(-0.53%)","0.28"
"4248","竹本容器","東S","865","-10.0(-1.14%)","0.28"
"4249","森六","東P","2481","-36.0(-1.43%)","0.98"
"4250","フロンティア","福Q","643","+0.0(+0.00%)","0.39"
"4251","恵和","東P","1222","-33.0(-2.63%)","1.31"
"4255","ＴＨＥＣＯＯ","東G","2457","+231.0(+10.38%)","0.47"
"4256","サインド","東G","993","-70.0(-6.59%)","0.71"
"4258","網屋","東G","2842","+47.0(+1.68%)","1.17"
"4259","エクサウィザーズ","東G","979","+23.0(+2.41%)","1.44"
"4260","ハイブリッドテクノロジーズ","東G","262","-19.0(-6.76%)","0.69"
"4261","アジアクエスト","東G","3395","-430.0(-11.24%)","0.99"
"4262","ニフティライフスタイル","東G","1422","+0.0(+0.00%)","0.66"
"4263","サスメド","東G","889","-140.0(-13.61%)","1.33"
"4264","セキュア","東G","1694","+36.0(+2.17%)","1.10"
"4265","Ｉｎｓｔｉｔｕｔｉｏｎ　ｆｏｒ","東G","243","-4.0(-1.62%)","1.07"
"4270","ＢｅｅＸ","東G","1756","-29.0(-1.62%)","0.85"
"4272","日本化薬","東P","2054.0","-4.0(-0.19%)","0.60"
"4274","細谷火工","東S","1120","-16.0(-1.41%)","1.04"
"4275","カーリット","東P","2250","-490.0(-17.88%)","1.27"
"4284","ソルクシーズ","東S","436","+1.0(+0.23%)","0.63"
"4286","ＣＬＨＬＤＧ","東S","1177","-43.0(-3.52%)","0.85"
"4287","ジャストプランニング","東S","471","-3.0(-0.63%)","0.55"
"4288","アズジェント","東S","538","-17.0(-3.06%)","1.04"
"4290","プレステージ・インターナショナ","東P","657","-9.0(-1.35%)","0.59"
"4293","セプテーニＨＬＤＧ","東S","463","+8.0(+1.76%)","0.58"
"4299","ハイマックス","東S","1119","-9.0(-0.80%)","0.87"
"4301","アミューズ","東P","1790","-81.0(-4.33%)","0.49"
"4307","野村総合研究所","東P","4561.0","+229.0(+5.29%)","0.62"
"4308","Ｊストリーム","東G","354","+3.0(+0.85%)","0.83"
"4310","ドリームインキュベータ","東P","2701","+26.0(+0.97%)","0.99"
"4316","ビーマップ","東G","180","-11.0(-5.76%)","0.67"
"4317","レイ","東S","510","+1.0(+0.20%)","0.48"
"4318","クイック","東P","738","-4.0(-0.54%)","0.65"
"4320","ＣＥ　ＨＬＤＧ","東S","1699","+200.0(+13.34%)","0.68"
"4323","日本システム技術","東P","1705","-55.0(-3.13%)","0.89"
"4324","電通グループ","東P","3061.0","+26.0(+0.86%)","0.67"
"4326","インテージＨＬＤＧ","東P","1725","-25.0(-1.43%)","0.48"
"4331","テイクアンドギヴ・ニーズ","東P","696","+3.0(+0.43%)","0.81"
"4334","ユークス","東S","396","+1.0(+0.25%)","0.67"
"4335","ＩＰＳ　ＨＬＤＧ","東S","1280","+3.0(+0.23%)","0.47"
"4337","ぴあ","東P","2867","+39.0(+1.38%)","0.77"
"4341","西菱電機","東S","830","+17.0(+2.09%)","0.24"
"4343","イオンファンタジー","東P","2579","+1.0(+0.04%)","0.53"
"4344","ソースネクスト","東P","129","+0.0(+0.00%)","1.07"
"4345","シーティーエス","東P","838","+2.0(+0.24%)","0.57"
"4346","ＮＥＸＹＺ．Ｇｒｏｕｐ","東S","689","-21.0(-2.96%)","0.82"
"4347","ブロードメディア","東S","2102","-21.0(-0.99%)","0.46"
"4350","メディカルシステムネットワーク","東S","483","-2.0(-0.41%)","0.67"
"4351","山田再生系債権回収総合事務所","東S","1080","-260.0(-19.40%)","0.28"
"4356","応用技術","東S","1590","-10.0(-0.63%)","0.50"
"4360","マナック・ケミカル・パートナー","東S","865","+30.0(+3.59%)","0.79"
"4361","川口化学工業","東S","1443","+0.0(+0.00%)","0.61"
"4362","日本精化","東P","2469","-26.0(-1.04%)","0.84"
"4365","松本油脂製薬","東S","21350","+0.0(+0.00%)","0.16"
"4366","ダイトーケミックス","東S","415","+10.0(+2.47%)","0.83"
"4367","広栄化学","東S","2929","-101.0(-3.33%)","0.56"
"4368","扶桑化学工業","東P","3970","-75.0(-1.85%)","1.10"
"4369","トリケミカル研究所","東P","3415","-15.0(-0.44%)","1.58"
"4370","モビルス","東G","298","-10.0(-3.25%)","0.42"
"4371","コアコンセプト・テクノロジー","東G","1290","+19.0(+1.49%)","1.12"
"4372","ユミルリンク","東G","1115","-34.0(-2.96%)","0.25"
"4373","シンプレクス・ＨＬＤＧ","東P","948","-3.0(-0.32%)","0.74"
"4374","ＲＯＢＯＴ ＰＡＹＭＥＮＴ","東G","2462","+87.0(+3.66%)","0.93"
"4375","セーフィー","東G","735","-29.0(-3.80%)","0.85"
"4376","くふうカンパニーＨＬＤＧ","東G","157","-2.0(-1.26%)","0.72"
"4377","ワンキャリア","東G","1938","+68.0(+3.64%)","0.99"
"4378","ＣＩＮＣ","東G","446","+2.0(+0.45%)","0.41"
"4379","Ｐｈｏｔｏｓｙｎｔｈ","東G","412","-15.0(-3.51%)","1.17"
"4380","Ｍマート","東G","1109","-30.0(-2.63%)","1.07"
"4381","ビープラッツ","東G","375","+5.0(+1.35%)","0.68"
"4382","ＨＥＲＯＺ","東S","761","-3.0(-0.39%)","1.10"
"4384","ラクスル","東P","1889","+1.0(+0.05%)","0.76"
"4385","メルカリ","東P","4072.0","-101.0(-2.42%)","0.93"
"4386","ＳＩＧグループ","東S","850","-16.0(-1.85%)","0.90"
"4387","ＺＵＵ","東G","523","-13.0(-2.43%)","0.63"
"4388","エーアイ","東S","385","-3.0(-0.77%)","0.89"
"4389","プロパティデータバンク","東G","879","-11.0(-1.24%)","0.59"
"4390","ＩＰＳ","東P","3770","+185.0(+5.16%)","1.02"
"4391","ロジザード","東G","1062","-8.0(-0.75%)","0.86"
"4392","ＦＩＧ","東P","1060","+150.0(+16.48%)","1.09"
"4393","バンク・オブ・イノベーション","東G","4905","-145.0(-2.87%)","1.10"
"4394","エクスモーション","東G","879","+7.0(+0.80%)","0.62"
"4395","アクリート","東G","944","-28.0(-2.88%)","0.91"
"4396","システムサポートＨＬＤＧ","東P","1030","-3.0(-0.29%)","0.86"
"4397","チームスピリット","東G","373","-4.0(-1.06%)","0.72"
"4398","ブロードバンドセキュリティ","東S","1232","-18.0(-1.44%)","0.79"
"4401","ＡＤＥＫＡ","東P","4036.0","-89.0(-2.16%)","1.05"
"4403","日油","東P","2787.5","-59.5(-2.09%)","0.83"
"4404","ミヨシ油脂","東S","2061","-40.0(-1.90%)","0.79"
"4406","新日本理化","東S","198","-1.0(-0.50%)","0.83"
"4409","東邦化学工業","東S","720","-1.0(-0.14%)","0.56"
"4410","ハリマ化成グループ","東P","925","-22.0(-2.32%)","0.71"
"4412","サイエンスアーツ","東G","1528","-78.0(-4.86%)","1.01"
"4413","ボードルア","東P","2078","+76.0(+3.80%)","0.62"
"4414","フレクト","東G","1007","+13.0(+1.31%)","1.23"
"4415","ブロードエンタープライズ","東G","1315","-64.0(-4.64%)","0.73"
"4416","Ｔｒｕｅ　Ｄａｔａ","東G","377","-31.0(-7.60%)","0.81"
"4417","グローバルセキュリティエキスパ","東G","2761","-48.0(-1.71%)","1.16"
"4418","ＪＤＳＣ","東G","788","-2.0(-0.25%)","1.27"
"4419","ＦｉｎａｔｅｘｔＨＬＤＧ","東G","1104","-38.0(-3.33%)","0.97"
"4420","イーソル","東S","707","+89.0(+14.40%)","1.38"
"4421","ディ・アイ・システム","東S","900","-5.0(-0.55%)","0.40"
"4422","ＶＡＬＵＥＮＥＸ","東G","847","+1.0(+0.12%)","1.06"
"4424","Ａｍａｚｉａ","東G","215","-7.0(-3.15%)","0.68"
"4425","Ｋｕｄａｎ","東G","2173","-231.0(-9.61%)","1.27"
"4427","ＥｄｕＬａｂ","東G","324","-4.0(-1.22%)","1.32"
"4428","シノプス","東G","614","-46.0(-6.97%)","0.85"
"4429","リックソフト","東G","772","-17.0(-2.15%)","0.38"
"4430","東海ソフト","東S","1800","+9.0(+0.50%)","0.67"
"4431","スマレジ","東G","2176","-4.0(-0.18%)","0.85"
"4432","ウイングアーク１ｓｔ","東P","2511","-11.0(-0.44%)","0.59"
"4433","ヒト・コミュニケーションズＨＤ","東P","855","-6.0(-0.70%)","0.65"
"4434","サーバーワークス","東S","2051","+27.0(+1.33%)","1.10"
"4436","ミンカブ・ジ・インフォノイド","東G","448","+7.0(+1.59%)","1.26"
"4437","ｇｏｏｄｄａｙｓ　ＨＬＤＧ","東G","949","-65.0(-6.41%)","0.56"
"4438","Ｗｅｌｂｙ","東G","282","-4.0(-1.40%)","0.63"
"4439","東名","東S","689","-20.0(-2.82%)","0.50"
"4440","ヴィッツ","東S","1156","+2.0(+0.17%)","0.87"
"4441","トビラシステムズ","東S","1253","-9.0(-0.71%)","0.68"
"4442","バルテス・ＨＬＤＧ","東G","400","-6.0(-1.48%)","0.87"
"4443","Ｓａｎｓａｎ","東P","1337","+29.0(+2.22%)","0.61"
"4444","インフォネット","東G","839","+27.0(+3.33%)","1.00"
"4445","リビン・テクノロジーズ","東G","1550","-50.0(-3.13%)","0.53"
"4446","Ｌｉｎｋ−Ｕグループ","東P","637","-13.0(-2.00%)","0.83"
"4447","ピー・ビーシステムズ","東G","421","-6.0(-1.41%)","0.59"
"4448","ｋｕｂｅｌｌ","東G","276","+18.0(+6.98%)","1.00"
"4449","ギフティ","東P","1110","+42.0(+3.93%)","0.87"
"4450","パワーソリューションズ","東G","2103","-87.0(-3.97%)","0.49"
"4452","花王","東P","5916.0","+33.0(+0.56%)","0.40"
"4461","第一工業製薬","東P","8890","+110.0(+1.25%)","1.20"
"4462","石原ケミカル","東P","2421","-130.0(-5.10%)","1.00"
"4463","日華化学","東S","1803","-35.0(-1.90%)","0.52"
"4464","ソフト９９コーポレーション","東S","3790","-55.0(-1.43%)","0.48"
"4465","ニイタカ","東S","2345","+9.0(+0.39%)","0.42"
"4471","三洋化成工業","東P","5210","-230.0(-4.23%)","0.76"
"4475","ＨＥＮＮＧＥ","東G","1064","+11.0(+1.04%)","0.78"
"4476","ＡＩ　ＣＲＯＳＳ","東G","1090","+73.0(+7.18%)","0.76"
"4477","ＢＡＳＥ","東G","256","-7.0(-2.66%)","0.98"
"4478","フリー","東G","2182","+0.0(+0.00%)","0.73"
"4479","マクアケ","東G","818","-2.0(-0.24%)","0.90"
"4480","メドレー","東P","2089","-80.0(-3.69%)","0.71"
"4481","ベース","東P","3060","-75.0(-2.39%)","0.77"
"4482","ウィルズ","東G","747","-1.0(-0.13%)","0.48"
"4483","ＪＭＤＣ","東P","2675","-13.0(-0.48%)","0.70"
"4484","ランサーズ","東G","279","-19.0(-6.38%)","0.95"
"4486","ユナイトアンドグロウ","東G","680","-18.0(-2.58%)","0.64"
"4487","スペースマーケット","東G","287","-3.0(-1.03%)","1.07"
"4488","ＡＩ　ｉｎｓｉｄｅ","東G","2260","-63.0(-2.71%)","0.97"
"4490","ビザスク","東G","690","+8.0(+1.17%)","0.83"
"4491","コンピューターマネージメント","東S","2945","+47.0(+1.62%)","0.42"
"4492","ゼネテック","東S","387","-80.0(-17.13%)","0.73"
"4493","サイバーセキュリティクラウド","東G","1680","+34.0(+2.07%)","1.30"
"4494","バリオセキュア","東S","699","-1.0(-0.14%)","0.73"
"4495","アイキューブドシステムズ","東G","1938","+86.0(+4.64%)","0.68"
"4496","コマースＯｎｅ　ＨＬＤＧ","東G","693","-17.0(-2.39%)","0.49"
"4498","サイバートラスト","東G","1083","-19.0(-1.72%)","0.84"
"4499","Ｓｐｅｅｅ","東S","2967","+397.0(+15.45%)","1.41"
"4502","武田薬品工業","東P","5249.0","-28.0(-0.53%)","0.47"
"4503","アステラス製薬","東P","2300.0","-24.5(-1.05%)","0.59"
"4506","住友ファーマ","東P","1620.0","-89.0(-5.21%)","0.88"
"4507","塩野義製薬","東P","3049.0","-31.0(-1.01%)","0.57"
"4512","わかもと製薬","東S","294","-46.0(-13.53%)","0.57"
"4516","日本新薬","東P","4219.0","-18.0(-0.42%)","0.63"
"4519","中外製薬","東P","7885.0","-53.0(-0.67%)","0.61"
"4521","科研製薬","東P","4160","+10.0(+0.24%)","0.42"
"4523","エーザイ","東P","4429.0","-294.0(-6.22%)","0.64"
"4524","森下仁丹","東S","2167","+10.0(+0.46%)","0.12"
"4526","理研ビタミン","東P","2776","-49.0(-1.73%)","0.51"
"4527","ロート製薬","東P","2439.5","+1.0(+0.04%)","0.58"
"4528","小野薬品工業","東P","2441.5","-92.0(-3.63%)","0.32"
"4531","有機合成薬品工業","東S","342","+1.0(+0.29%)","0.82"
"4534","持田製薬","東P","3485","+70.0(+2.05%)","0.58"
"4536","参天製薬","東P","1844.0","-17.0(-0.91%)","0.46"
"4538","扶桑薬品工業","東P","2052","-28.0(-1.35%)","0.60"
"4539","日本ケミファ","東S","1646","-41.0(-2.43%)","0.19"
"4540","ツムラ","東P","3818.0","+40.0(+1.06%)","0.55"
"4543","テルモ","東P","2279.0","+357.0(+18.57%)","0.83"
"4544","Ｈ．Ｕ．グループＨＬＤＧ","東P","3174.0","-54.0(-1.67%)","0.48"
"4547","キッセイ薬品工業","東P","3605","-700.0(-16.26%)","0.38"
"4548","生化学工業","東P","761","+13.0(+1.74%)","0.64"
"4549","栄研化学","東P","2803","-41.0(-1.44%)","0.64"
"4552","ＪＣＲファーマ","東P","502","-20.0(-3.83%)","0.94"
"4553","東和薬品","東P","3735","-45.0(-1.19%)","0.63"
"4554","富士製薬工業","東P","1987","-51.0(-2.50%)","0.79"
"4556","カイノス","東S","2274","+1.0(+0.04%)","0.42"
"4558","中京医薬品","東S","203","-1.0(-0.49%)","0.36"
"4559","ゼリア新薬工業","東P","2338","-12.0(-0.51%)","0.40"
"4563","アンジェス","東G","50","+0.0(+0.00%)","0.96"
"4564","オンコセラピー・サイエンス","東G","20","+0.0(+0.00%)","1.24"
"4565","ネクセラファーマ","東P","1120","-52.0(-4.44%)","1.10"
"4568","第一三共","東P","2620.5","+46.5(+1.81%)","0.82"
"4569","杏林製薬","東P","1414","-6.0(-0.42%)","0.45"
"4570","免疫生物研究所","東G","1182","-45.0(-3.67%)","0.91"
"4571","ＮＡＮＯＨＬＤＧ","東G","137","+3.0(+2.24%)","1.14"
"4572","カルナバイオサイエンス","東G","446","-1.0(-0.22%)","0.98"
"4574","大幸薬品","東P","259","-12.0(-4.43%)","0.79"
"4575","キャンバス","東G","634","-31.0(-4.66%)","1.36"
"4576","デ・ウエスタン・セラピテクス","東G","80","+1.0(+1.27%)","1.21"
"4577","ダイト","東P","1220","-25.0(-2.01%)","0.44"
"4578","大塚ＨＬＤＧ","東P","11180.0","-55.0(-0.49%)","0.57"
"4579","ラクオリア創薬","東G","622","-92.0(-12.89%)","1.13"
"4582","シンバイオ製薬","東G","83","-1.0(-1.19%)","0.98"
"4583","カイオム・バイオサイエンス","東G","90","-2.0(-2.17%)","1.26"
"4584","キッズウェル・バイオ","東G","196","-5.0(-2.49%)","1.39"
"4586","メドレックス","東G","73","-2.0(-2.67%)","1.32"
"4587","ペプチドリーム","東P","1119.0","-8.0(-0.71%)","1.11"
"4588","オンコリスバイオファーマ","東G","2743","+63.0(+2.35%)","1.23"
"4591","リボミック","東G","73","-2.0(-2.67%)","1.27"
"4592","サンバイオ","東G","1692","-119.0(-6.57%)","1.35"
"4593","ヘリオス","東G","333","-2.0(-0.60%)","1.20"
"4594","ブライトパス・バイオ","東G","51","+2.0(+4.08%)","1.37"
"4595","ミズホメディー","東S","1727","+4.0(+0.23%)","0.47"
"4596","窪田製薬ＨＬＤＧ","東G","70","-1.0(-1.41%)","1.25"
"4597","ソレイジア・ファーマ","東G","28","-2.0(-6.67%)","1.49"
"4598","Ｄｅｌｔａ―Ｆｌｙ　Ｐｈａｒｍ","東G","168","-21.0(-11.11%)","0.98"
"4599","ステムリム","東G","290","-17.0(-5.54%)","0.95"
"4611","大日本塗料","東P","1204","-2.0(-0.17%)","0.90"
"4612","日本ペイントＨＬＤＧ","東P","1042.0","+43.4(+4.35%)","0.67"
"4613","関西ペイント","東P","2300.0","+0.0(+0.00%)","0.59"
"4615","神東塗料","東S","125","-1.0(-0.79%)","0.40"
"4616","川上塗料","東S","1826","+2.0(+0.11%)","0.26"
"4617","中国塗料","東P","2993","-27.0(-0.89%)","1.21"
"4619","日本特殊塗料","東S","2373","-23.0(-0.96%)","0.66"
"4620","藤倉化成","東S","1010","-55.0(-5.16%)","0.87"
"4623","アサヒペン","東S","1700","+0.0(+0.00%)","0.10"
"4624","イサム塗料","東S","3755","-35.0(-0.92%)","0.35"
"4625","アトミクス","東S","716","-10.0(-1.38%)","0.49"
"4626","太陽ＨＬＤＧ","東P","4867.0","-33.0(-0.67%)","0.63"
"4627","ナトコ","東S","1637","-4.0(-0.24%)","0.38"
"4628","エスケー化研","東S","10060","-170.0(-1.66%)","0.40"
"4629","大伸化学","東S","1930","+100.0(+5.46%)","0.31"
"4631","ＤＩＣ","東P","4443.0","+244.0(+5.81%)","1.01"
"4633","サカタインクス","東P","2312","+8.0(+0.35%)","1.01"
"4634","ａｒｔｉｅｎｃｅ","東P","4125","+5.0(+0.12%)","1.03"
"4635","東京インキ","東S","1212","-38.0(-3.04%)","0.72"
"463A","インテリックスＨＬＤＧ","東S","988","-23.0(-2.27%)","0.66"
"4641","アルプス技研","東P","2420","+12.0(+0.50%)","0.66"
"4642","オリジナル設計","東S","1529","+28.0(+1.87%)","0.46"
"4644","イマジニア","東S","1013","+10.0(+1.00%)","0.28"
"4645","市進ＨＬＤＧ","東S","424","+0.0(+0.00%)","0.26"
"464A","ＱＰＳＨＬＤＧ","東G","3230","-70.0(-2.12%)","1.52"
"4650","ＳＤエンターテイメント","東S","268","-7.0(-2.55%)","0.32"
"4651","サニックスＨＬＤＧ","東S","258","+4.0(+1.57%)","1.29"
"4657","環境管理センター","東S","501","+34.0(+7.28%)","0.73"
"4658","日本空調サービス","東P","1558","-24.0(-1.52%)","0.77"
"4659","エイジス","東S","4420","+0.0(+0.00%)","0.21"
"4661","オリエンタルランド","東P","2136.5","-24.5(-1.13%)","0.49"
"4662","フォーカスシステムズ","東P","1543","+30.0(+1.98%)","0.95"
"4664","アール・エス・シー","東S","740","-5.0(-0.67%)","0.63"
"4665","ダスキン","東P","4195.0","+220.0(+5.53%)","0.25"
"4666","パーク２４","東P","1756.0","-36.0(-2.01%)","0.77"
"4667","アイサンテクノロジー","東S","1559","+46.0(+3.04%)","1.00"
"4668","明光ネットワークジャパン","東P","684","-4.0(-0.58%)","0.47"
"4671","ファルコＨＬＤＧ","東S","2540","-47.0(-1.82%)","0.61"
"4673","川崎地質","東S","4945","-145.0(-2.85%)","1.07"
"4674","クレスコ","東P","1524","-14.0(-0.91%)","0.66"
"4676","フジ・メディアＨＬＤＧ","東P","3701.0","-113.0(-2.96%)","0.66"
"4678","秀英予備校","東S","301","-3.0(-0.99%)","0.25"
"4679","田谷","東S","240","-5.0(-2.04%)","0.43"
"4680","ラウンドワン","東P","854.8","+28.4(+3.44%)","1.12"
"4681","リゾートトラスト","東P","1760.0","+32.5(+1.88%)","0.65"
"4684","オービック","東P","4141.0","+109.0(+2.70%)","0.28"
"4685","菱友システムズ","東S","2878","-55.0(-1.88%)","0.97"
"4686","ジャストシステム","東P","3810","+75.0(+2.01%)","0.53"
"4687","ＴＤＣソフト","東P","955","-2.0(-0.21%)","0.79"
"4689","ＬＩＮＥヤフー","東P","407.4","-9.9(-2.37%)","0.55"
"4691","ワシントンホテル","東S","1949","-132.0(-6.34%)","0.69"
"4694","ビー・エム・エル","東P","3475","-50.0(-1.42%)","0.54"
"4704","トレンドマイクロ","東P","5905.0","+368.0(+6.65%)","0.66"
"4705","クリップコーポレーション","東S","792","+3.0(+0.38%)","0.16"
"4707","キタック","東S","317","-1.0(-0.31%)","0.87"
"4709","ＩＤ　ＨＬＤＧ","東P","1016","-15.0(-1.45%)","0.83"
"4712","ＫｅｙＨｏｌｄｅｒ","東S","799","-2.0(-0.25%)","0.49"
"4714","リソー教育グループ","東P","193","-4.0(-2.03%)","0.60"
"4716","日本オラクル","東S","8812.0","+141.0(+1.63%)","0.32"
"4718","早稲田アカデミー","東P","2181","+9.0(+0.41%)","0.59"
"4719","アルファシステムズ","東P","3280","+45.0(+1.39%)","0.86"
"4720","城南進学研究社","東S","253","+3.0(+1.20%)","0.44"
"4722","フューチャー","東P","1560","+3.0(+0.19%)","0.61"
"4725","ＣＡＣ　ＨＬＤＧ","東P","1805","-15.0(-0.82%)","0.55"
"4728","トーセ","東S","629","-2.0(-0.32%)","0.47"
"4732","ユー・エス・エス","東P","1770.5","+10.5(+0.60%)","0.46"
"4733","オービックビジネスコンサルタン","東P","6117.0","+70.0(+1.16%)","0.50"
"4735","京進","東S","321","-5.0(-1.53%)","0.61"
"4736","日本ラッド","東S","544","-7.0(-1.27%)","0.87"
"4743","アイティフォー","東P","1617","-27.0(-1.64%)","0.74"
"4746","東計電算","東S","4070","+45.0(+1.12%)","0.54"
"4750","ダイサン","東S","556","+0.0(+0.00%)","0.38"
"4751","サイバーエージェント","東P","1293.0","-23.5(-1.79%)","0.79"
"4752","昭和システムエンジニアリング","東S","1517","-8.0(-0.52%)","0.53"
"4754","トスネット","東S","1500","+32.0(+2.18%)","0.12"
"4755","楽天グループ","東P","763.7","-14.6(-1.88%)","1.09"
"4760","アルファ","東S","1596","-20.0(-1.24%)","0.72"
"4761","さくらケーシーエス","東S","1350","-8.0(-0.59%)","1.00"
"4762","エックスネット","東S","1540","+28.0(+1.85%)","0.26"
"4763","クリーク・アンド・リバー社","東P","1282","-14.0(-1.08%)","0.68"
"4765","ＳＢＩグローバルアセットマネジ","東P","604","+0.0(+0.00%)","0.76"
"4766","ピーエイ","東S","212","-9.0(-4.07%)","0.49"
"4767","テー・オー・ダブリュー","東S","360","-8.0(-2.17%)","0.69"
"4768","大塚商会","東P","2973.0","+70.0(+2.41%)","0.42"
"4769","ＩＣ","東S","1027","-20.0(-1.91%)","0.00"
"4771","エフアンドエム","東S","2486","-1.0(-0.04%)","0.17"
"4772","ＳＭ　ＥＮＴＥＲＴＡＩＮＭＥＮ","東G","86","-4.0(-4.44%)","0.88"
"4776","サイボウズ","東P","2365","-27.0(-1.13%)","0.90"
"4777","ガーラ","東S","202","+7.0(+3.59%)","0.87"
"4783","ＮＣＤ","東S","2461","+54.0(+2.24%)","1.05"
"4784","ＧＭＯインターネット","東P","609","-20.0(-3.18%)","0.74"
"4792","山田コンサルティンググループ","東P","1640","-8.0(-0.49%)","0.73"
"4800","オリコン","東S","1008","-87.0(-7.95%)","0.32"
"4801","セントラルスポーツ","東P","2318","-30.0(-1.28%)","0.40"
"4809","パラカ","東P","1943","-36.0(-1.82%)","0.58"
"4811","ドリーム・アーツ","東G","768","+55.0(+7.71%)","0.84"
"4812","電通総研","東P","2129","+11.0(+0.52%)","0.52"
"4813","ＡＣＣＥＳＳ","東P","506","-4.0(-0.78%)","1.15"
"4814","ネクストウェア","東S","175","-4.0(-2.23%)","0.55"
"4816","東映アニメーション","東S","2600","-158.0(-5.73%)","0.42"
"4819","デジタルガレージ","東P","2217","-115.0(-4.93%)","0.73"
"4820","イーエムシステムズ","東P","546","+2.0(+0.37%)","0.59"
"4825","ウェザーニューズ","東P","2056","-34.0(-1.63%)","0.60"
"4826","ＣＩＪ","東P","482","-8.0(-1.63%)","0.81"
"4827","ビジネス・ワンＨＬＤＧ","福Q","848","+0.0(+0.00%)","0.35"
"4828","ビジネスエンジニアリング","東P","1135","-15.0(-1.30%)","0.84"
"4829","日本エンタープライズ","東S","113","+2.0(+1.80%)","0.83"
"4832","ＪＦＥシステムズ","東S","1899","+8.0(+0.42%)","0.57"
"4833","Ｄｅｆ　ｃｏｎｓｕｌｔｉｎｇ","東G","52","-6.0(-10.34%)","1.13"
"4834","キャリアバンク","札","1736","+0.0(+0.00%)","0.38"
"4838","スペースシャワーＳＫＩＹＡＫＩ","東S","719","-36.0(-4.77%)","0.91"
"4839","ＷＯＷＯＷ","東P","1104","-67.0(-5.72%)","0.42"
"4840","トライアイズ","東S","838","+0.0(+0.00%)","0.71"
"4845","スカラ","東S","328","-4.0(-1.20%)","0.72"
"4847","インテリジェント　ウェイブ","東P","930","+8.0(+0.87%)","0.82"
"4848","フルキャストＨＬＤＧ","東P","1506","-25.0(-1.63%)","0.79"
"4849","エン","東P","1271","+94.0(+7.99%)","0.66"
"4875","メディシノバ","東S","224","+8.0(+3.70%)","0.76"
"4880","セルソース","東S","350","-13.0(-3.58%)","1.01"
"4881","ファンペップ","東G","62","-3.0(-4.62%)","1.25"
"4882","ペルセウスプロテオミクス","東G","174","-6.0(-3.33%)","0.88"
"4883","モダリス","東G","64","+0.0(+0.00%)","1.28"
"4884","クリングルファーマ","東G","431","-9.0(-2.05%)","0.84"
"4885","室町ケミカル","東S","940","+3.0(+0.32%)","0.97"
"4886","あすか製薬ＨＬＤＧ","東P","2781","-27.0(-0.96%)","0.70"
"4887","サワイグループＨＬＤＧ","東P","1740.0","-292.5(-14.39%)","0.60"
"4888","ステラファーマ","東G","433","+20.0(+4.84%)","1.22"
"4889","レナサイエンス","東G","1782","-123.0(-6.46%)","1.11"
"4890","坪田ラボ","東G","270","-3.0(-1.10%)","0.93"
"4891","ティムス","東G","139","-1.0(-0.71%)","1.15"
"4892","サイフューズ","東G","636","-3.0(-0.47%)","0.95"
"4893","ノイルイミューン・バイオ","東G","135","-7.0(-4.93%)","1.36"
"4894","クオリプス","東G","5580","-700.0(-11.15%)","0.76"
"4896","ケイファーマ","東G","731","-24.0(-3.18%)","1.07"
"4901","富士フイルムＨＬＤＧ","東P","3148.0","+38.0(+1.22%)","0.97"
"4902","コニカミノルタ","東P","590.7","+7.4(+1.27%)","1.05"
"4911","資生堂","東P","2986.5","+38.0(+1.29%)","0.81"
"4912","ライオン","東P","1570.0","+25.0(+1.62%)","0.28"
"4914","高砂香料工業","東P","1112","-90.0(-7.49%)","0.68"
"4918","アイビー化粧品","東S","256","-16.0(-5.88%)","0.65"
"4919","ミルボン","東P","2744","+203.0(+7.99%)","0.39"
"4920","日本色材工業研究所","東S","1106","+1.0(+0.09%)","0.85"
"4922","コーセーＨＬＤＧ","東P","5296.0","+88.0(+1.69%)","0.69"
"4923","コタ","東P","1139","-24.0(-2.06%)","0.41"
"4925","ハーバー研究所","東S","1697","+10.0(+0.59%)","0.45"
"4926","シーボン","東S","1215","+10.0(+0.83%)","0.23"
"4927","ポーラ・オルビスＨＬＤＧ","東P","1270.5","-4.0(-0.31%)","0.22"
"4928","ノエビアＨＬＤＧ","東P","4190","-90.0(-2.10%)","0.32"
"4929","アジュバンＨＬＤＧ","東S","740","+0.0(+0.00%)","0.16"
"4931","新日本製薬","東P","1930","-2.0(-0.10%)","0.44"
"4932","アルマード","東S","722","+31.0(+4.49%)","1.02"
"4933","Ｉ−ｎｅ","東P","1160","+14.0(+1.22%)","0.88"
"4934","プレミアアンチエイジング","東G","601","+3.0(+0.50%)","0.83"
"4935","リベルタ","東S","262","+11.0(+4.38%)","1.32"
"4936","アクシージア","東S","326","-7.0(-2.10%)","1.06"
"4937","Ｗａｑｏｏ","東G","1630","+50.0(+3.16%)","0.66"
"4951","エステー","東P","1458","+1.0(+0.07%)","0.30"
"4956","コニシ","東P","1431","-37.0(-2.52%)","0.84"
"4958","長谷川香料","東P","3085","+15.0(+0.49%)","0.71"
"4960","ケミプロ化成","東S","629","-14.0(-2.18%)","0.53"
"4966","上村工業","東S","23800","-190.0(-0.79%)","1.16"
"4967","小林製薬","東P","5824.0","+3.0(+0.05%)","0.37"
"4968","荒川化学工業","東P","1331","-38.0(-2.78%)","0.95"
"4970","東洋合成工業","東S","16490","-110.0(-0.66%)","1.44"
"4971","メック","東P","10100","-370.0(-3.53%)","1.42"
"4972","綜研化学","東S","3415","+60.0(+1.79%)","0.86"
"4973","日本高純度化学","東P","5430","+10.0(+0.18%)","0.86"
"4974","タカラバイオ","東P","1143","+0.0(+0.00%)","0.59"
"4975","ＪＣＵ","東P","7310","-140.0(-1.88%)","1.00"
"4976","東洋ドライルーブ","東S","1342","-78.0(-5.49%)","0.50"
"4977","新田ゼラチン","東S","1192","-42.0(-3.40%)","0.91"
"4978","リプロセル","東G","153","-16.0(-9.47%)","1.19"
"4979","ＯＡＴアグリオ","東S","2920","+73.0(+2.56%)","0.61"
"4980","デクセリアルズ","東P","4187.0","+338.0(+8.78%)","1.42"
"4985","アース製薬","東P","4665","+55.0(+1.19%)","0.34"
"4990","昭和化学工業","東S","490","-2.0(-0.41%)","0.28"
"4992","北興化学工業","東S","1780","+20.0(+1.14%)","1.13"
"4994","大成ラミックグループ","東S","2236","-79.0(-3.41%)","0.48"
"4995","サンケイ化学","福","-","- (-%)","0.31"
"4996","クミアイ化学工業","東P","771","+1.0(+0.13%)","0.67"
"4997","日本農薬","東P","986","+0.0(+0.00%)","0.72"
"4998","フマキラー","東S","1133","-4.0(-0.35%)","0.35"
"5010","日本精蝋","東S","235","+6.0(+2.62%)","1.25"
"5011","ニチレキグループ","東P","1963","-42.0(-2.09%)","0.67"
"5013","ユシロ","東S","3325","+10.0(+0.30%)","1.00"
"5015","ビーピー・カストロール","東S","1014","+4.0(+0.40%)","0.53"
"5018","ＭＯＲＥＳＣＯ","東S","1676","-44.0(-2.56%)","0.72"
"5019","出光興産","東P","1365.5","-62.5(-4.38%)","0.80"
"5020","ＥＮＥＯＳ　ＨＬＤＧ","東P","1358.0","-28.0(-2.02%)","1.13"
"5021","コスモエネルギーＨＬＤＧ","東P","3733.0","-99.0(-2.58%)","0.89"
"5025","マーキュリー","東G","664","+0.0(+0.00%)","0.75"
"5026","トリプルアイズ","東G","601","-11.0(-1.80%)","1.29"
"5027","ＡｎｙＭｉｎｄ　Ｇｒｏｕｐ","東G","505","+23.0(+4.77%)","0.97"
"5028","セカンドサイトアナリティカ","東G","365","-3.0(-0.82%)","1.16"
"5029","サークレイス","東G","825","+83.0(+11.19%)","1.04"
"5031","モイ","東G","275","+5.0(+1.85%)","1.07"
"5032","ＡＮＹＣＯＬＯＲ","東P","2766","+23.0(+0.84%)","0.86"
"5033","ヌーラボ","東G","673","-3.0(-0.44%)","0.98"
"5034","ｕｎｅｒｒｙ","東G","2533","-100.0(-3.80%)","1.04"
"5035","ＨＯＵＳＥＩ","東G","402","-7.0(-1.71%)","0.81"
"5036","日本ビジネスシステムズ","東P","1752","+18.0(+1.04%)","0.68"
"5038","ｅＷｅＬＬ","東G","1892","+18.0(+0.96%)","1.04"
"5039","キットアライブ","札A","-","- (-%)","0.42"
"5071","ヴィス","東S","1415","-32.0(-2.21%)","0.59"
"5074","テスＨＬＤＧ","東P","930","+133.0(+16.69%)","1.26"
"5075","アップコン","名N","1295","-42.0(-3.14%)","0.19"
"5076","インフロニア・ＨＬＤＧ","東P","2537.5","+50.5(+2.03%)","0.58"
"5078","セレ","東S","4900","-5.0(-0.10%)","0.42"
"5079","ノバック","東S","2505","+5.0(+0.20%)","0.59"
"5101","横浜ゴム","東P","6654.0","+54.0(+0.82%)","1.26"
"5103","昭和ＨＬＤＧ","東S","40","-2.0(-4.76%)","0.36"
"5105","ＴＯＹＯ　ＴＩＲＥ","東P","3710.0","-104.0(-2.73%)","1.10"
"5108","ブリヂストン","東P","3330.0","-57.0(-1.68%)","0.80"
"5110","住友ゴム工業","東P","1917.5","-130.5(-6.37%)","1.10"
"5121","藤倉コンポジット","東P","2490","-55.0(-2.16%)","0.88"
"5122","オカモト","東P","5460","+60.0(+1.11%)","0.75"
"5125","ファインズ","東G","474","-40.0(-7.78%)","0.54"
"5126","ポーターズ","東G","1490","+0.0(+0.00%)","0.38"
"5129","ＦＩＸＥＲ","東G","313","-27.0(-7.94%)","1.16"
"5131","リンカーズ","東G","129","-1.0(-0.77%)","0.93"
"5132","ｐｌｕｓｚｅｒｏ","東G","2097","-103.0(-4.68%)","1.21"
"5133","テリロジーＨＬＤＧ","東S","330","-2.0(-0.60%)","0.90"
"5134","ＰＯＰＥＲ","東G","443","-3.0(-0.67%)","0.74"
"5136","ｔｒｉｐｌａ","東G","1424","+9.0(+0.64%)","1.25"
"5137","スマートドライブ","東G","220","-5.0(-2.22%)","1.03"
"5138","Ｒｅｂａｓｅ","東G","487","-8.0(-1.62%)","0.87"
"5139","オープンワーク","東G","899","-21.0(-2.28%)","0.92"
"5142","アキレス","東P","1197","-49.0(-3.93%)","1.07"
"5161","西川ゴム工業","東S","3165","-90.0(-2.76%)","0.68"
"5162","朝日ラバー","東S","639","-28.0(-4.20%)","0.32"
"5184","ニチリン","東S","4220","-5.0(-0.12%)","0.60"
"5185","フコク","東P","1769","-10.0(-0.56%)","0.95"
"5186","ニッタ","東P","5590","-10.0(-0.18%)","0.71"
"5187","クリエートメディック","東S","1135","+27.0(+2.44%)","0.27"
"5189","櫻護謨","東S","2950","+150.0(+5.36%)","0.73"
"5192","三ツ星ベルト","東P","3930","-165.0(-4.03%)","0.63"
"5194","相模ゴム工業","東S","698","+48.0(+7.38%)","0.54"
"5195","バンドー化学","東P","2141","-68.0(-3.08%)","0.87"
"5199","不二ラテックス","東S","1934","-46.0(-2.32%)","0.25"
"5201","ＡＧＣ","東P","5957.0","-42.0(-0.70%)","0.92"
"5202","日本板硝子","東P","479","-2.0(-0.42%)","0.92"
"5204","石塚硝子","東S","2855","-13.0(-0.45%)","0.89"
"5208","有沢製作所","東P","2294","-63.0(-2.67%)","0.85"
"5210","日本山村硝子","東S","2580","-331.0(-11.37%)","0.90"
"5214","日本電気硝子","東P","6897.0","-107.0(-1.53%)","0.86"
"5216","倉元製作所","東S","130","-16.0(-10.96%)","1.24"
"5218","オハラ","東S","1411","+26.0(+1.88%)","1.15"
"5232","住友大阪セメント","東P","4722.0","-176.0(-3.59%)","0.80"
"5233","太平洋セメント","東P","3818.0","-149.0(-3.76%)","1.10"
"5237","ノザワ","東S","1113","+0.0(+0.00%)","0.34"
"5240","ｍｏｎｏＡＩ　ｔｅｃｈｎｏｌｏ","東G","129","-19.0(-12.84%)","1.10"
"5242","アイズ","東G","1015","-28.0(-2.68%)","0.89"
"5243","ｎｏｔｅ","東G","2264","+9.0(+0.40%)","1.18"
"5244","ｊｉｇ．ｊｐ","東G","182","-11.0(-5.70%)","1.07"
"5246","ＥＬＥＭＥＮＴＳ","東G","620","+5.0(+0.81%)","1.25"
"5247","ＢＴＭ","東G","660","-21.0(-3.08%)","0.74"
"5248","テクノロジーズ","東G","512","-7.0(-1.35%)","0.39"
"5250","ＧＭＯプライム・ストラテジー","東S","1168","+77.0(+7.06%)","0.86"
"5252","日本ナレッジ","東G","773","-4.0(-0.51%)","0.43"
"5253","カバー","東G","1572","+106.0(+7.23%)","0.93"
"5254","Ａｒｅｎｔ","東G","3440","-150.0(-4.18%)","1.05"
"5255","モンスターラボ","東G","103","+10.0(+10.75%)","1.20"
"5256","Ｆｕｓｉｃ","東G","2220","+38.0(+1.74%)","1.03"
"5257","ノバシステム","東S","2315","-60.0(-2.53%)","0.69"
"5258","トランザクション・メディア・","東G","368","-8.0(-2.13%)","1.17"
"5261","リソルＨＬＤＧ","東P","6990","+140.0(+2.04%)","0.52"
"5262","日本ヒューム","東P","1115","-23.0(-2.02%)","0.91"
"5268","旭コンクリート工業","東S","935","+9.0(+0.97%)","0.81"
"5269","日本コンクリート工業","東P","330","+1.0(+0.30%)","0.99"
"5271","トーヨーアサノ","東S","2290","-48.0(-2.05%)","0.44"
"5273","三谷セキサン","東S","1594","-49.0(-2.98%)","0.90"
"5279","日本興業","東S","1140","-42.0(-3.55%)","0.71"
"5280","ヨシコン","東S","2193","+3.0(+0.14%)","0.72"
"5282","ジオスター","東S","375","-27.0(-6.72%)","0.73"
"5283","高見澤","東S","3230","-10.0(-0.31%)","0.38"
"5284","ヤマウＨＬＤＧ","東S","2224","-14.0(-0.63%)","0.83"
"5285","ヤマックス","東S","1291","-41.0(-3.08%)","1.24"
"5287","イトーヨーギョー","東S","952","+2.0(+0.21%)","0.85"
"5288","アジアパイルＨＬＤＧ","東P","1691","+1.0(+0.06%)","0.82"
"5290","ベルテクスコーポレーション","東S","1550","-211.0(-11.98%)","0.70"
"5301","東海カーボン","東P","1600.0","+70.0(+4.58%)","0.97"
"5302","日本カーボン","東P","4885","-35.0(-0.71%)","0.70"
"5304","ＳＥＣカーボン","東S","2483","-38.0(-1.51%)","0.91"
"5310","東洋炭素","東P","6530","-150.0(-2.25%)","1.12"
"5331","ノリタケ","東P","3420","-55.0(-1.58%)","0.93"
"5332","ＴＯＴＯ","東P","6929.0","-198.0(-2.78%)","0.69"
"5333","ＮＧＫ","東P","5609.0","-87.0(-1.53%)","1.07"
"5334","日本特殊陶業","東P","9855.0","+176.0(+1.82%)","1.10"
"5337","ダントーＨＬＤＧ","東S","766","-24.0(-3.04%)","0.36"
"5341","ＡＳＡＨＩ　ＥＩＴＯＨＬＤＧ","東S","282","-8.0(-2.76%)","0.41"
"5342","ジャニス工業","名M","590","+0.0(+0.00%)","0.03"
"5343","ニッコー","名M","182","-4.0(-2.15%)","0.22"
"5344","ＭＡＲＵＷＡ","東P","69080.0","-4,250.0(-5.80%)","1.64"
"5351","品川リフラ","東P","1891","-20.0(-1.05%)","0.89"
"5355","日本坩堝","東S","641","-4.0(-0.62%)","0.23"
"5356","美濃窯業","東S","1241","+53.0(+4.46%)","0.40"
"5357","ヨータイ","東P","1670","-48.0(-2.79%)","0.56"
"5363","東京窯業","東S","609","-9.0(-1.46%)","0.75"
"5367","ニッカトー","東S","810","-16.0(-1.94%)","0.51"
"5368","日本インシュレーション","東S","948","-25.0(-2.57%)","0.59"
"5380","新東","東S","1200","+55.0(+4.80%)","0.64"
"5381","マイポックス","東S","1002","-28.0(-2.72%)","1.63"
"5384","フジミインコーポレーテッド","東P","3195","-95.0(-2.89%)","1.18"
"5388","クニミネ工業","東S","1233","+0.0(+0.00%)","0.42"
"5391","エーアンドエーマテリアル","東S","1374","-15.0(-1.08%)","0.72"
"5393","ニチアス","東P","3340.0","-147.0(-4.22%)","0.91"
"5401","日本製鉄","東P","549.0","-10.9(-1.95%)","0.70"
"5406","神戸製鋼所","東P","1881.5","-81.0(-4.13%)","0.92"
"5408","中山製鋼所","東P","646","-24.0(-3.58%)","0.88"
"5410","合同製鐵","東P","2762","-77.0(-2.71%)","0.87"
"5411","ＪＦＥＨＬＤＧ","東P","1652.5","-25.5(-1.52%)","0.77"
"5423","東京製鐵","東P","1798","-27.0(-1.48%)","0.57"
"543A","ＡＲＣＨＩＯＮ","東P","354","-11.0(-3.01%)","0.82"
"5440","共英製鋼","東P","1819","-46.0(-2.47%)","0.91"
"5444","大和工業","東P","11650.0","-325.0(-2.71%)","0.84"
"5445","東京鐵鋼","東P","1829","-36.0(-1.93%)","0.90"
"5446","北越メタル","東S","1234","-5.0(-0.40%)","0.38"
"5449","大阪製鐵","東S","2251","-124.0(-5.22%)","0.85"
"5451","ヨドコウ","東P","1200","-29.0(-2.36%)","0.68"
"5458","高砂鐵工","東S","1188","+16.0(+1.37%)","0.53"
"5461","中部鋼鈑","東P","2014","-37.0(-1.80%)","0.77"
"5463","丸一鋼管","東P","1900.0","-22.5(-1.17%)","0.66"
"5464","モリ工業","東S","930","-19.0(-2.00%)","0.88"
"5471","大同特殊鋼","東P","1835.0","-56.0(-2.96%)","1.16"
"547A","ムニノバＨＬＤＧ","東P","465","+7.0(+1.53%)","0.98"
"5480","日本冶金工業","東P","4400","-100.0(-2.22%)","1.01"
"5482","愛知製鋼","東P","2817","-137.0(-4.64%)","1.03"
"5484","東北特殊鋼","東S","2914","+500.0(+20.71%)","0.43"
"5491","日本金属","東S","919","-27.0(-2.85%)","0.87"
"5527","ｐｒｏｐｅｒｔｙ　ｔｅｃｈｎｏ","東G","627","-8.0(-1.26%)","0.64"
"5530","日本システムバンク","名M","1072","+10.0(+0.94%)","0.29"
"5532","リアルゲイト","東G","3530","+55.0(+1.58%)","1.07"
"5533","エリッツＨＬＤＧ","東S","1910","-39.0(-2.00%)","0.32"
"5535","ミガロＨＬＤＧ","東P","281","-1.0(-0.35%)","1.11"
"5541","大平洋金属","東P","2254","-150.0(-6.24%)","0.95"
"5542","新報国マテリアル","東S","800","-4.0(-0.50%)","0.83"
"5563","新日本電工","東P","470","-28.0(-5.62%)","0.98"
"5570","ジェノバ","東G","664","+2.0(+0.30%)","0.85"
"5571","エキサイトＨＬＤＧ","東S","1057","-5.0(-0.47%)","0.72"
"5572","Ｒｉｄｇｅ−ｉ","東G","2280","+80.0(+3.64%)","1.16"
"5574","ＡＢＥＪＡ","東G","2700","+51.0(+1.93%)","1.52"
"5575","Ｇｌｏｂｅｅ","東G","736","+1.0(+0.14%)","0.89"
"5576","オービーシステム","東S","2822","+33.0(+1.18%)","0.66"
"5578","ＡＲアドバンストテクノロジ","東G","951","+30.0(+3.26%)","1.13"
"5579","ＧＳＩ","札","1282","-51.0(-3.83%)","0.33"
"5580","プロディライト","東G","1420","-2.0(-0.14%)","0.61"
"5582","グリッド","東G","2141","-70.0(-3.17%)","1.22"
"5586","Ｌａｂｏｒｏ．ＡＩ","東G","894","+51.0(+6.05%)","1.19"
"5587","インバウンドプラットフォーム","東G","819","+24.0(+3.02%)","0.88"
"5588","ファーストアカウンティング","東G","696","-52.0(-6.95%)","1.06"
"5589","オートサーバー","東S","2735","+27.0(+1.00%)","0.55"
"5590","ネットスターズ","東G","756","+9.0(+1.20%)","0.89"
"5591","ＡＶＩＬＥＮ","東G","818","-182.0(-18.20%)","1.29"
"5592","くすりの窓口","東G","2879","+29.0(+1.02%)","0.87"
"5597","ブルーイノベーション","東G","2200","-18.0(-0.81%)","1.06"
"5599","Ｓ＆Ｊ","東G","1010","-56.0(-5.25%)","0.86"
"5602","栗本鐵工所","東P","1360","-16.0(-1.16%)","0.90"
"5603","虹技","東S","1297","-4.0(-0.31%)","0.62"
"5607","中央可鍛工業","名M","638","+8.0(+1.27%)","0.56"
"5609","日本鋳造","東S","881","+19.0(+2.20%)","0.49"
"5612","日本鋳鉄管","東S","1552","-3.0(-0.19%)","1.02"
"5616","雨風太陽","東G","710","-16.0(-2.20%)","0.71"
"5618","ナイル","東G","287","+0.0(+0.00%)","0.64"
"5619","マーソ","東G","862","+15.0(+1.77%)","0.25"
"5621","ヒューマンテクノロジーズ","東G","1281","-284.0(-18.15%)","1.05"
"5631","日本製鋼所","東P","7806.0","-57.0(-0.72%)","1.61"
"5632","三菱製鋼","東P","2053","-116.0(-5.35%)","1.10"
"5644","メタルアート","東S","7480","+1,000.0(+15.43%)","0.84"
"5658","日亜鋼業","東S","349","+2.0(+0.58%)","0.64"
"5659","日本精線","東P","1380","+21.0(+1.55%)","0.85"
"5660","神鋼鋼線工業","東S","1744","-48.0(-2.68%)","0.61"
"5695","パウダーテック","東S","2599","+45.0(+1.76%)","0.33"
"5697","サンユウ","東S","706","+4.0(+0.57%)","0.59"
"5698","エンビプロＨＬＤＧ","東S","933","-29.0(-3.01%)","1.20"
"5699","イボキン","東S","1831","-49.0(-2.61%)","0.74"
"5702","大紀アルミニウム工業所","東P","1796","-52.0(-2.81%)","0.96"
"5703","日本軽金属ＨＬＤＧ","東P","3150","+30.0(+0.96%)","0.91"
"5704","ＪＭＣ","東G","393","-16.0(-3.91%)","0.86"
"5706","三井金属","東P","47320.0","+680.0(+1.46%)","1.56"
"5707","東邦亜鉛","東P","1035","-102.0(-8.97%)","1.48"
"5711","三菱マテリアル","東P","5057.0","-371.0(-6.83%)","1.25"
"5713","住友金属鉱山","東P","9560.0","-715.0(-6.96%)","1.43"
"5714","ＤＯＷＡ　ＨＬＤＧ","東P","11125.0","-515.0(-4.42%)","1.13"
"5715","古河機械金属","東P","3955","-240.0(-5.72%)","1.15"
"5721","エスクリプトエナジー","東S","76","-5.0(-6.17%)","1.08"
"5724","アサカ理研","東S","2964","-186.0(-5.90%)","0.83"
"5726","大阪チタニウムテクノロジーズ","東P","2439","-63.0(-2.52%)","1.54"
"5727","東邦チタニウム","東P","2845","-116.0(-3.92%)","1.60"
"5729","日本精鉱","東S","1795","-31.0(-1.70%)","1.02"
"5741","ＵＡＣＪ","東P","3050","-65.0(-2.09%)","0.99"
"5742","エヌアイシ・オートテック","東S","710","-18.0(-2.47%)","0.36"
"5753","日本伸銅","東S","2401","-16.0(-0.66%)","0.75"
"5757","ＣＫサンエツ","東P","4670","+75.0(+1.63%)","0.89"
"5801","古河電気工業","東P","54840.0","+360.0(+0.66%)","1.74"
"5802","住友電気工業","東P","11380.0","+400.0(+3.64%)","1.61"
"5803","フジクラ","東P","5653.0","-166.0(-2.85%)","1.87"
"5805","ＳＷＣＣ","東P","14810","-780.0(-5.00%)","1.47"
"5816","オーナンバ","東S","1748","-25.0(-1.41%)","0.83"
"5817","ＪＭＡＣＳ","東S","1171","-65.0(-5.26%)","1.08"
"5819","カナレ電気","東S","1799","+1.0(+0.06%)","0.68"
"5820","三ッ星","東S","771","-51.0(-6.20%)","1.00"
"5821","平河ヒューテック","東P","3770","+60.0(+1.62%)","1.04"
"5830","いよぎんＨＬＤＧ","東P","3072.0","-90.0(-2.85%)","1.35"
"5831","しずおかＦＧ","東P","2895.5","-20.0(-0.69%)","1.12"
"5832","ちゅうぎんＦＧ","東P","3006.0","-27.0(-0.89%)","1.23"
"5834","ＳＢＩリーシングサービス","東G","2275","-44.0(-1.90%)","1.33"
"5838","楽天銀行","東P","6601.0","+601.0(+10.02%)","1.10"
"5842","インテグラル","東G","3300","-80.0(-2.37%)","1.15"
"5843","ニッポンインシュア","東S","2418","+35.0(+1.47%)","0.67"
"5844","京都ＦＧ","東P","4374.0","-39.0(-0.88%)","1.17"
"5845","全保連","東S","1019","-7.0(-0.68%)","0.88"
"5851","リョービ","東P","2529","-61.0(-2.36%)","1.10"
"5852","アーレスティ","東P","867","-25.0(-2.80%)","1.18"
"5856","エルアイイーエイチ","東S","13","-9.0(-40.91%)","0.94"
"5857","ＡＲＥＨＬＤＧ","東P","3715","-210.0(-5.35%)","0.96"
"5858","ＳＴＧ","東G","1168","-60.0(-4.89%)","1.06"
"5867","エスネットワークス","東G","1211","-47.0(-3.74%)","0.43"
"5868","ロココ","東S","946","-127.0(-11.84%)","0.63"
"5869","早稲田学習研究会","東S","1323","+1.0(+0.08%)","0.34"
"5870","ナルネットコミュニケーションズ","東G","822","-150.0(-15.43%)","0.77"
"5871","ＳＯＬＩＺＥ　ＨＬＤＧ","東S","1302","-33.0(-2.47%)","0.90"
"5884","クラダシ","東G","511","-38.0(-6.92%)","0.83"
"5885","ジーデップ・アドバンス","東S","2983","+108.0(+3.76%)","1.29"
"5888","ＤＡＩＷＡ　ＣＹＣＬＥ","東G","3075","-85.0(-2.69%)","0.62"
"5889","Ｊａｐａｎ　Ｅｙｅｗｅａｒ　Ｈ","東P","2144","-48.0(-2.19%)","1.09"
"5891","魁力屋","東S","1292","-83.0(-6.04%)","0.62"
"5892","ｙｕｔｏｒｉ","東G","2583","+199.0(+8.35%)","1.19"
"5900","ダイケン","東S","790","-2.0(-0.25%)","0.33"
"5901","東洋製罐グループＨＬＤＧ","東P","3822.0","+116.0(+3.13%)","0.77"
"5902","ホッカンＨＬＤＧ","東P","2228","-6.0(-0.27%)","0.68"
"5903","シンポ","東S","1696","+0.0(+0.00%)","0.29"
"5905","日本製罐","東S","1331","+1.0(+0.08%)","0.37"
"5906","エムケー精工","東S","735","+0.0(+0.00%)","0.66"
"5909","コロナ","東S","924","-14.0(-1.49%)","0.50"
"5911","横河ブリッジＨＬＤＧ","東P","2869","-57.0(-1.95%)","0.60"
"5915","駒井ハルテック","東S","2251","-102.0(-4.33%)","0.74"
"5918","瀧上工業","東S","7100","-120.0(-1.66%)","0.15"
"5921","川岸工業","東S","4260","-15.0(-0.35%)","0.59"
"5922","那須電機鉄工","東S","18760","-40.0(-0.21%)","0.62"
"5923","高田機工","東S","1055","-5.0(-0.47%)","0.48"
"5928","アルメタックス","東S","270","-1.0(-0.37%)","0.49"
"5929","三和ＨＬＤＧ","東P","3315.0","-140.0(-4.05%)","0.71"
"5930","文化シヤッター","東P","1770","-50.0(-2.75%)","0.71"
"5932","三協立山","東P","633","-14.0(-2.16%)","0.83"
"5933","アルインコ","東P","1012","-9.0(-0.88%)","0.65"
"5936","東洋シヤッター","東S","904","+6.0(+0.67%)","0.62"
"5938","ＬＩＸＩＬ","東P","1634.0","-38.5(-2.30%)","0.50"
"5939","大谷工業","東S","4900","+0.0(+0.00%)","0.85"
"5940","不二サッシ","東S","723","-14.0(-1.90%)","0.80"
"5941","中西製作所","東S","2505","+2.0(+0.08%)","0.28"
"5942","日本フイルコン","東S","601","-1.0(-0.17%)","0.51"
"5943","ノーリツ","東P","2422","-34.0(-1.38%)","0.55"
"5945","天龍製鋸","東S","2490","-10.0(-0.40%)","0.14"
"5946","長府製作所","東P","2000","-5.0(-0.25%)","0.43"
"5947","リンナイ","東P","3467.0","+5.0(+0.14%)","0.68"
"5949","ユニプレス","東P","1262","-15.0(-1.17%)","0.94"
"5950","日本パワーファスニング","東S","143","-1.0(-0.69%)","0.66"
"5951","ダイニチ工業","東S","876","-19.0(-2.12%)","0.47"
"5952","アマテイ","東S","176","-4.0(-2.22%)","0.62"
"5953","昭和鉄工","福","6210","-60.0(-0.96%)","0.55"
"5955","ワイズＨＬＤＧ","東S","90","-1.0(-1.10%)","0.94"
"5956","トーソー","東S","565","+1.0(+0.18%)","0.20"
"5957","日東精工","東P","774","-4.0(-0.51%)","0.82"
"5958","三洋工業","東S","4135","-40.0(-0.96%)","0.78"
"5959","岡部","東P","897","-7.0(-0.77%)","0.58"
"5962","浅香工業","東S","1775","+25.0(+1.43%)","0.17"
"5965","フジマック","東S","1163","-10.0(-0.85%)","0.89"
"5966","京都機械工具","東S","2450","-49.0(-1.96%)","0.41"
"5967","ＴＯＮＥ","東S","467","+4.0(+0.86%)","0.27"
"5969","ロブテックス","東S","-","- (-%)","-0.02"
"5970","ジーテクト","東P","2042","+139.0(+7.30%)","0.82"
"5971","共和工業所","東S","7000","-100.0(-1.41%)","0.51"
"5973","トーアミ","東S","618","+1.0(+0.16%)","0.64"
"5974","中国工業","東S","795","-15.0(-1.85%)","0.39"
"5975","東プレ","東P","2673","+34.0(+1.29%)","1.08"
"5976","高周波熱錬","東P","1268","-2.0(-0.16%)","0.73"
"5979","カネソウ","名M","-","- (-%)","0.15"
"5981","東京製綱","東P","1759","+54.0(+3.17%)","0.91"
"5982","マルゼン","東S","3615","+10.0(+0.28%)","0.24"
"5983","イワブチ","東S","12900","-1,900.0(-12.84%)","0.67"
"5984","兼房","東S","732","-25.0(-3.30%)","0.56"
"5985","サンコール","東S","1676","+57.0(+3.52%)","1.09"
"5986","モリテック　スチール","東S","232","-3.0(-1.28%)","0.86"
"5987","オーネックス","東S","1870","+0.0(+0.00%)","0.05"
"5988","パイオラックス","東P","1546","-33.0(-2.09%)","0.85"
"5989","エイチワン","東P","1678","+92.0(+5.80%)","1.15"
"5990","スーパーツール","東S","1954","+0.0(+0.00%)","0.20"
"5991","ニッパツ","東P","3339.0","-202.0(-5.70%)","1.17"
"5992","中央発條","東S","3885","-115.0(-2.88%)","0.74"
"5994","ファインシンター","東S","1038","-7.0(-0.67%)","0.79"
"5997","協立エアテック","東S","811","-9.0(-1.10%)","0.39"
"5998","アドバネクス","東S","2030","+184.0(+9.97%)","1.13"
"6005","三浦工業","東P","3350.0","-31.0(-0.92%)","0.92"
"6013","タクマ","東P","3330","+75.0(+2.30%)","0.67"
"6016","ジャパンエンジン","東S","9590","-1,460.0(-13.21%)","1.58"
"6018","阪神内燃機工業","東S","5760","+600.0(+11.63%)","1.02"
"6022","赤阪鐵工所","東S","2780","-31.0(-1.10%)","0.87"
"6023","ダイハツインフィニアース","東S","3155","-140.0(-4.25%)","1.44"
"6025","日本ＰＣサービス","名N","678","+0.0(+0.00%)","0.16"
"6027","弁護士ドットコム","東P","2769","+59.0(+2.18%)","0.89"
"6029","アトラグループ","東S","190","+4.0(+2.15%)","1.03"
"6030","アドベンチャー","東G","1266","-8.0(-0.63%)","1.00"
"6031","ＺＥＴＡ","東G","230","-5.0(-2.13%)","0.95"
"6033","エクストリーム","東G","1408","+41.0(+3.00%)","0.88"
"6034","ＭＲＴ","東G","630","-6.0(-0.94%)","0.54"
"6035","アイ・アールジャパンＨＬＤＧ","東S","751","-41.0(-5.18%)","1.06"
"6036","ＫｅｅＰｅｒ技研","東P","2525","-200.0(-7.34%)","0.86"
"6037","楽待","東S","913","-4.0(-0.44%)","0.77"
"6038","イード","東G","904","-15.0(-1.63%)","0.22"
"6039","日本動物高度医療センター","東G","1047","-201.0(-16.11%)","0.55"
"6040","日本スキー場開発","東G","447","-4.0(-0.89%)","0.74"
"6042","ニッキ","東S","3845","-345.0(-8.23%)","0.35"
"6044","三機サービス","東S","1680","-30.0(-1.75%)","0.61"
"6045","レントラックス","東G","1560","-3.0(-0.19%)","0.67"
"6046","リンクバル","東S","131","-2.0(-1.50%)","1.16"
"6047","Ｇｕｎｏｓｙ","東P","513","-7.0(-1.35%)","1.22"
"6049","イトクロ","東G","258","-3.0(-1.15%)","0.91"
"6050","イー・ガーディアン","東P","1693","+5.0(+0.30%)","0.78"
"6054","リブセンス","東S","115","+0.0(+0.00%)","0.94"
"6055","ジャパンマテリアル","東P","2078","+86.0(+4.32%)","1.28"
"6058","ベクトル","東P","1264","+5.0(+0.40%)","0.96"
"6059","ウチヤマＨＬＤＧ","東S","343","-1.0(-0.29%)","0.46"
"6061","ユニバーサル園芸社","東S","2801","+97.0(+3.59%)","0.66"
"6062","チャーム・ケア","東P","1219","-34.0(-2.71%)","0.86"
"6063","日本エマージェンシーアシスタン","東S","861","+19.0(+2.26%)","0.48"
"6069","トレンダーズ","東G","598","-26.0(-4.17%)","0.96"
"6070","キャリアリンク","東P","2218","-32.0(-1.42%)","0.64"
"6071","ＩＢＪ","東P","811","+68.0(+9.15%)","0.86"
"6072","地盤ネットＨＬＤＧ","東S","1085","-13.0(-1.18%)","1.01"
"6073","アサンテ","東P","1359","-21.0(-1.52%)","0.34"
"6074","ジェイエスエス","東S","515","-2.0(-0.39%)","0.47"
"6076","アメイズ","福","1175","-20.0(-1.67%)","0.41"
"6078","バリューＨＲ","東P","1392","-14.0(-1.00%)","0.61"
"6080","Ｍ＆Ａキャピタルパートナーズ","東P","3275","-95.0(-2.82%)","0.76"
"6081","アライドアーキテクツ","東G","214","-19.0(-8.15%)","1.16"
"6082","ライドオンエクスプレスＨＬＤＧ","東S","980","-4.0(-0.41%)","0.23"
"6083","ＥＲＩ　ＨＬＤＧ","東S","4030","-20.0(-0.49%)","0.84"
"6085","アーキテクツ・スタジオ・ジャパ","東G","563","+59.0(+11.71%)","0.50"
"6086","シンメンテＨＬＤＧ","東G","1105","-12.0(-1.07%)","0.48"
"6087","アビスト","東S","3395","-5.0(-0.15%)","0.29"
"6088","シグマクシス・ＨＬＤＧ","東P","603","+14.0(+2.38%)","0.85"
"6089","ウィルグループ","東P","1011","-37.0(-3.53%)","0.60"
"6090","ヒューマン・メタボローム・テク","東S","619","-7.0(-1.12%)","0.48"
"6091","ウエスコＨＬＤＧ","東S","842","-2.0(-0.24%)","0.56"
"6092","エンバイオＨＬＤＧ","東S","904","+115.0(+14.58%)","0.64"
"6093","エスクロー・エージェント・ジャ","東S","164","+2.0(+1.23%)","0.80"
"6094","フリークアウトＨＬＤＧ","東G","716","-14.0(-1.92%)","0.87"
"6096","レアジョブ","東S","365","+33.0(+9.94%)","0.33"
"6098","リクルートＨＬＤＧ","東P","9122.0","+1,297.0(+16.58%)","1.12"
"6099","エラン","東P","719","+2.0(+0.28%)","0.68"
"6101","ツガミ","東P","6160","+200.0(+3.36%)","1.22"
"6103","オークマ","東P","4685","-110.0(-2.29%)","1.21"
"6104","芝浦機械","東P","4755","-160.0(-3.26%)","0.92"
"6111","旭精機工業","名M","2028","-38.0(-1.84%)","0.27"
"6113","アマダ","東P","2658.0","-155.0(-5.51%)","1.19"
"6118","アイダエンジニアリング","東P","1140","-184.0(-13.90%)","0.77"
"6125","岡本工作機械製作所","東S","4790","+35.0(+0.74%)","1.31"
"6134","ＦＵＪＩ","東P","7735.0","-258.0(-3.23%)","1.10"
"6135","牧野フライス製作所","東P","13680","+60.0(+0.44%)","0.54"
"6136","オーエスジー","東P","3394.0","-136.0(-3.85%)","0.59"
"6137","小池酸素工業","東S","1609","-118.0(-6.83%)","1.15"
"6138","ダイジェット工業","東S","1001","+0.0(+0.00%)","0.54"
"6140","旭ダイヤモンド工業","東P","1290","-46.0(-3.44%)","1.02"
"6141","ＤＭＧ森精機","東P","3396.0","-173.0(-4.85%)","1.54"
"6142","富士精工","名M","1620","+0.0(+0.00%)","0.41"
"6143","ソディック","東P","1693","+29.0(+1.74%)","1.07"
"6144","西部電機","東S","3035","-165.0(-5.16%)","0.70"
"6145","ＮＩＴＴＯＫＵ","東S","2933","+212.0(+7.79%)","0.92"
"6146","ディスコ","東P","63500.0","-1,400.0(-2.16%)","1.55"
"6147","ヤマザキ","東S","253","-8.0(-3.07%)","0.58"
"6149","小田原エンジニアリング","東S","1995","+8.0(+0.40%)","0.89"
"6150","タケダ機械","東S","3065","+5.0(+0.16%)","0.44"
"6151","日東工器","東P","1602","-18.0(-1.11%)","0.78"
"6155","高松機械工業","東S","483","+3.0(+0.63%)","0.33"
"6156","エーワン精密","東S","2032","-8.0(-0.39%)","0.41"
"6157","日進工具","東S","845","-4.0(-0.47%)","0.59"
"6158","和井田製作所","東S","1023","+28.0(+2.81%)","0.58"
"6159","ミクロン精密","東S","2137","+38.0(+1.81%)","0.61"
"6161","エスティック","東S","1010","-4.0(-0.39%)","0.34"
"6165","パンチ工業","東S","465","+4.0(+0.87%)","0.86"
"6166","中村超硬","東G","471","-100.0(-17.51%)","1.05"
"6167","冨士ダイス","東P","1033","+24.0(+2.38%)","0.86"
"6171","土木管理総合試験所","東S","392","+3.0(+0.77%)","0.56"
"6173","アクアライン","東G","24","+2.0(+9.09%)","0.43"
"6176","ブランジスタ","東S","967","+20.0(+2.11%)","0.85"
"6177","ＡｐｐＢａｎｋ","東G","93","+1.0(+1.09%)","1.26"
"6178","日本郵政","東P","2054.0","+97.0(+4.96%)","1.14"
"6180","ＧＭＯメディア","東G","3700","-85.0(-2.25%)","0.77"
"6181","タメニー","東G","78","-8.0(-9.30%)","0.79"
"6182","メタリアル","東G","452","-1.0(-0.22%)","1.09"
"6183","ベルシステム２４ＨＬＤＧ","東P","1429","-9.0(-0.63%)","0.60"
"6184","鎌倉新書","東P","454","-6.0(-1.30%)","0.77"
"6185","ＳＭＮ","東S","397","-7.0(-1.73%)","0.82"
"6186","一蔵","東S","372","-5.0(-1.33%)","0.39"
"6189","グローバルキッズＣＯＭＰＡＮＹ","東S","974","+18.0(+1.88%)","0.39"
"6190","フェニックスバイオ","東G","436","-6.0(-1.36%)","0.82"
"6191","エアトリ","東P","769","+100.0(+14.95%)","1.08"
"6193","バーチャレクスＨＬＤＧ","東G","933","-5.0(-0.53%)","0.48"
"6194","アトラエ","東P","707","-8.0(-1.12%)","0.83"
"6195","ホープ","東G","226","+10.0(+4.63%)","0.81"
"6196","ストライクグループ","東P","1174","-46.0(-3.77%)","1.06"
"6197","ソラスト","東P","1111","-1.0(-0.09%)","0.62"
"6198","キャリア","東G","235","+1.0(+0.43%)","0.29"
"6199","セラク","東S","1190","-9.0(-0.75%)","0.84"
"6200","インソース","東P","639","+3.0(+0.47%)","0.76"
"6201","豊田自動織機","東P","20450","+25.0(+0.12%)","0.93"
"6203","豊和工業","東S","1301","-87.0(-6.27%)","1.32"
"6208","石川製作所","東S","1750","+0.0(+0.00%)","1.39"
"6209","リケンＮＰＲ","東P","3820","-215.0(-5.33%)","1.13"
"6217","津田駒工業","東S","1893","-37.0(-1.92%)","0.57"
"6218","エンシュウ","東S","577","+7.0(+1.23%)","0.41"
"6222","島精機製作所","東P","908","-22.0(-2.37%)","1.08"
"6223","西部技研","東S","2372","+78.0(+3.40%)","0.90"
"6224","ＪＲＣ","東G","1275","-2.0(-0.16%)","0.84"
"6225","エコム","名M","1978","-2.0(-0.10%)","0.26"
"6226","守谷輸送機工業","東S","2322","-26.0(-1.11%)","1.10"
"6227","ＡＩメカテック","東S","7250","+1,000.0(+16.00%)","1.42"
"6228","ジェイ・イー・ティ","東S","567","-27.0(-4.55%)","1.45"
"6229","オーケーエム","東S","1701","+21.0(+1.25%)","0.72"
"6230","ＳＡＮＥＩ","東S","2143","-27.0(-1.24%)","0.47"
"6231","木村工機","東S","12200","-140.0(-1.13%)","0.94"
"6232","ＡＣＳＬ","東G","3040","-75.0(-2.41%)","1.23"
"6233","ＫＬＡＳＳ","東S","398","-5.0(-1.24%)","0.48"
"6235","オプトラン","東P","3955","-25.0(-0.63%)","1.31"
"6237","イワキポンプ","東P","3040","+101.0(+3.44%)","1.25"
"6238","フリュー","東P","1212","+34.0(+2.89%)","0.77"
"6239","ナガオカ","東S","1285","-18.0(-1.38%)","0.99"
"6240","ヤマシンフィルタ","東P","619","+43.0(+7.47%)","1.34"
"6245","ヒラノテクシード","東S","1606","-66.0(-3.95%)","0.73"
"6246","テクノスマート","東S","1782","+6.0(+0.34%)","0.64"
"6247","日阪製作所","東P","1512","+51.0(+3.49%)","0.75"
"6248","横田製作所","東S","1741","-42.0(-2.36%)","0.48"
"6249","ゲームカードＨＬＤＧ","東S","2264","-105.0(-4.43%)","0.95"
"6250","やまびこ","東P","3660","-155.0(-4.06%)","1.29"
"6254","野村マイクロ・サイエンス","東P","4860","-90.0(-1.82%)","1.59"
"6255","エヌ・ピー・シー","東G","720","-24.0(-3.23%)","1.28"
"6257","藤商事","東S","1000","+2.0(+0.20%)","0.63"
"6258","平田機工","東P","3110","+60.0(+1.97%)","1.52"
"6262","ＰＥＧＡＳＵＳ","東S","736","-47.0(-6.00%)","1.00"
"6264","マルマエ","東P","2204","-200.0(-8.32%)","1.70"
"6265","コンバム","東S","3025","-90.0(-2.89%)","0.19"
"6266","タツモ","東P","3895","+700.0(+21.91%)","1.58"
"6267","ゼネラルパッカー","東S","3800","+160.0(+4.40%)","0.43"
"6268","ナブテスコ","東P","5329.0","-328.0(-5.80%)","1.15"
"6269","三井海洋開発","東P","11415.0","-820.0(-6.70%)","1.41"
"6272","レオン自動機","東P","1526","-40.0(-2.55%)","0.77"
"6273","ＳＭＣ","東P","66780.0","-1,100.0(-1.62%)","1.11"
"6276","シリウスビジョン","東S","337","+80.0(+31.13%)","0.79"
"6277","ホソカワミクロン","東P","5590","-110.0(-1.93%)","0.94"
"6278","ユニオンツール","東P","19880","-280.0(-1.39%)","1.34"
"6279","瑞光","東P","881","-30.0(-3.29%)","0.84"
"6282","オイレス工業","東P","2652","-2.0(-0.08%)","0.72"
"6284","日精エー・エス・ビー機械","東P","9460","+90.0(+0.96%)","0.94"
"6286","靜甲","東S","1429","-90.0(-5.92%)","0.71"
"6287","サトー","東P","2159","-1.0(-0.05%)","0.80"
"6289","技研製作所","東P","1816","-49.0(-2.63%)","0.88"
"6291","日本エアーテック","東S","1204","-104.0(-7.95%)","0.84"
"6292","カワタ","東S","811","+4.0(+0.50%)","0.47"
"6294","オカダアイヨン","東P","1984","-26.0(-1.29%)","0.73"
"6298","ワイエイシイＨＬＤＧ","東P","1336","-65.0(-4.64%)","1.50"
"6301","小松製作所","東P","6322.0","-161.0(-2.48%)","1.14"
"6302","住友重機械工業","東P","5283.0","-133.0(-2.46%)","1.18"
"6305","日立建機","東P","5052.0","-174.0(-3.33%)","1.10"
"6306","日工","東P","826","-16.0(-1.90%)","0.55"
"6307","サンセイ","東S","449","-38.0(-7.80%)","0.69"
"6309","巴工業","東P","1741","-47.0(-2.63%)","0.83"
"6310","井関農機","東P","1895","+112.0(+6.28%)","0.97"
"6315","ＴＯＷＡ","東P","2757","+178.0(+6.90%)","1.73"
"6316","丸山製作所","東S","2442","+7.0(+0.29%)","0.72"
"6317","北川鉄工所","東S","1614","-32.0(-1.94%)","0.99"
"6322","タクミナ","東S","1557","-8.0(-0.51%)","0.33"
"6323","ローツェ","東P","3672.0","-67.0(-1.79%)","1.72"
"6324","ハーモニック・ドライブ・システ","東P","6800","-300.0(-4.23%)","1.31"
"6325","タカキタ","東S","407","+5.0(+1.24%)","0.20"
"6326","クボタ","東P","2810.5","-118.0(-4.03%)","1.04"
"6327","北川精機","東S","2573","+18.0(+0.70%)","1.12"
"6328","荏原実業","東P","2386","-126.0(-5.02%)","0.88"
"6330","東洋エンジニアリング","東P","2077","-22.0(-1.05%)","1.36"
"6331","三菱化工機","東P","3845","+185.0(+5.05%)","1.23"
"6332","月島ＨＬＤＧ","東P","2787","-115.0(-3.96%)","0.84"
"6333","ＴＥＩＫＯＫＵ","東P","2739","-52.0(-1.86%)","0.83"
"6334","明治機械","東S","410","+8.0(+1.99%)","0.12"
"6335","東京機械製作所","東S","572","+29.0(+5.34%)","0.80"
"6336","石井表記","東S","1111","-13.0(-1.16%)","0.80"
"6337","テセック","東S","2519","+15.0(+0.60%)","0.95"
"6338","タカトリ","東S","1607","+22.0(+1.39%)","1.47"
"6339","新東工業","東P","1230","+29.0(+2.41%)","0.94"
"6340","澁谷工業","東P","3670","-70.0(-1.87%)","0.90"
"6342","太平製作所","東S","2757","-13.0(-0.47%)","0.26"
"6343","フリージア・マクロス","東S","167","-2.0(-1.18%)","0.71"
"6345","アイチ","東P","1355","-51.0(-3.63%)","0.74"
"6346","キクカワエンタープライズ","東S","5880","-60.0(-1.01%)","0.21"
"6347","プラコー","東S","268","-9.0(-3.25%)","0.56"
"6349","小森コーポレーション","東P","1485","-17.0(-1.13%)","0.99"
"6351","鶴見製作所","東P","1950","-71.0(-3.51%)","0.97"
"6356","日本ギア工業","東S","1449","+39.0(+2.77%)","1.08"
"6357","三精テクノロジーズ","東S","2654","+20.0(+0.76%)","1.14"
"6358","酒井重工業","東P","2038","-78.0(-3.69%)","0.97"
"6360","東京自働機械製作所","東S","4030","-55.0(-1.35%)","0.59"
"6361","荏原製作所","東P","5349.0","-184.0(-3.33%)","1.57"
"6363","酉島製作所","東P","2874","+33.0(+1.16%)","1.09"
"6364","ＡＩＲＭＡＮ","東P","1591","-71.0(-4.27%)","0.98"
"6365","電業社機械製作所","東S","5310","+150.0(+2.91%)","0.51"
"6366","千代田化工建設","東S","751","-62.0(-7.63%)","1.32"
"6367","ダイキン工業","東P","24020.0","-1,350.0(-5.32%)","0.86"
"6368","オルガノ","東P","17195.0","-1,045.0(-5.73%)","1.36"
"6369","トーヨーカネツ","東P","2284","-411.0(-15.25%)","0.85"
"6370","栗田工業","東P","8720.0","-280.0(-3.11%)","1.18"
"6371","椿本チエイン","東P","2591","-159.0(-5.78%)","0.86"
"6376","日機装","東P","2991","+80.0(+2.75%)","1.00"
"6378","木村化工機","東S","1230","-38.0(-3.00%)","1.18"
"6379","レイズネクスト","東P","2272","-38.0(-1.65%)","0.84"
"6380","オリエンタルチエン工業","東S","5040","+145.0(+2.96%)","0.13"
"6381","アネスト岩田","東P","1673","-1.0(-0.06%)","0.60"
"6382","トリニティ工業","東S","1281","+18.0(+1.43%)","0.86"
"6383","ダイフク","東P","7076.0","-121.0(-1.68%)","1.33"
"6384","昭和真空","東S","1621","-54.0(-3.22%)","0.60"
"6387","サムコ","東P","12120","+90.0(+0.75%)","1.50"
"6390","加藤製作所","東P","1235","-52.0(-4.04%)","1.22"
"6391","加地テック","東S","4420","-80.0(-1.78%)","0.89"
"6392","ヤマダコーポレーション","東S","6700","-200.0(-2.90%)","0.49"
"6393","油研工業","東S","2996","-19.0(-0.63%)","0.74"
"6395","タダノ","東P","1327","-60.0(-4.33%)","1.16"
"6396","宇野澤組鐵工所","東S","-","- (-%)","0.41"
"6400","不二精機","東S","279","-8.0(-2.79%)","0.97"
"6402","兼松エンジニアリング","東S","1417","-46.0(-3.14%)","0.40"
"6403","水道機工","東S","4015","+0.0(+0.00%)","0.73"
"6405","鈴茂器工","東S","1055","-57.0(-5.13%)","0.88"
"6407","ＣＫＤ","東P","6230","-560.0(-8.25%)","1.53"
"6408","小倉クラッチ","東S","4400","-20.0(-0.45%)","0.35"
"6412","平和","東P","1910","+10.0(+0.53%)","0.42"
"6413","理想科学工業","東P","976","-18.0(-1.81%)","0.71"
"6417","ＳＡＮＫＹＯ","東P","1768.5","+3.0(+0.17%)","0.66"
"6418","日本金銭機械","東P","915","+13.0(+1.44%)","1.00"
"6419","マースグループＨＬＤＧ","東P","2915","-84.0(-2.80%)","0.70"
"6420","ガリレイ","東P","3450","-50.0(-1.43%)","0.73"
"6424","高見沢サイバネティックス","東S","899","-6.0(-0.66%)","0.69"
"6425","ユニバーサルエンターテインメン","東S","816","+8.0(+0.99%)","1.17"
"6428","オーイズミ","東S","319","-7.0(-2.15%)","0.63"
"6430","ダイコク電機","東P","2152","-175.0(-7.52%)","0.97"
"6432","竹内製作所","東P","6890","-230.0(-3.23%)","1.17"
"6433","ヒーハイスト","東S","1719","+207.0(+13.69%)","0.90"
"6436","アマノ","東P","3631.0","-40.0(-1.09%)","0.60"
"6439","中日本鋳工","名M","395","+0.0(+0.00%)","0.15"
"6440","ＪＵＫＩ","東P","607","-12.0(-1.94%)","1.12"
"6444","サンデン","東S","154","-7.0(-4.35%)","1.05"
"6445","ジャノメ","東P","1268","+3.0(+0.24%)","0.75"
"6448","ブラザー工業","東P","3511.0","-16.0(-0.45%)","0.89"
"6454","マックス","東P","1752","-20.0(-1.13%)","0.72"
"6455","モリタＨＬＤＧ","東P","2464","-75.0(-2.95%)","0.58"
"6457","グローリー","東P","4323.0","-85.0(-1.93%)","0.77"
"6458","新晃工業","東P","1266","-17.0(-1.33%)","0.90"
"6459","大和冷機工業","東P","1823","-71.0(-3.75%)","0.88"
"6460","セガサミーＨＬＤＧ","東P","2183.0","-44.0(-1.98%)","0.80"
"6463","ＴＰＲ","東P","1293","-26.0(-1.97%)","0.96"
"6464","ツバキ・ナカシマ","東P","352","+12.0(+3.53%)","1.15"
"6465","ホシザキ","東P","4808.0","-330.0(-6.42%)","0.64"
"6466","ＴＶＥ","東S","4440","+140.0(+3.26%)","0.57"
"6467","ニチダイ","東S","340","+1.0(+0.29%)","0.39"
"6469","放電精密加工研究所","東S","2775","-49.0(-1.74%)","1.48"
"6470","大豊工業","東S","1173","-18.0(-1.51%)","1.10"
"6471","日本精工","東P","1174.5","-36.5(-3.01%)","0.87"
"6472","ＮＴＮ","東P","396.2","-14.6(-3.55%)","1.08"
"6473","ジェイテクト","東P","1952.5","-74.5(-3.68%)","1.17"
"6474","不二越","東P","5900","+50.0(+0.85%)","1.05"
"6479","ミネベアミツミ","東P","3815.0","-129.0(-3.27%)","1.25"
"6480","日本トムソン","東P","2008","+208.0(+11.56%)","1.24"
"6481","ＴＨＫ","東P","7198.0","-374.0(-4.94%)","1.29"
"6482","ＹＵＳＨＩＮ","東S","720","-14.0(-1.91%)","0.69"
"6484","ＫＶＫ","東S","2381","-11.0(-0.46%)","0.31"
"6485","前澤給装工業","東S","1442","-55.0(-3.67%)","0.72"
"6486","イーグル工業","東P","2850","-29.0(-1.01%)","0.89"
"6488","ヨシタケ","東S","955","-3.0(-0.31%)","0.61"
"6489","前澤工業","東S","1623","-51.0(-3.05%)","0.83"
"6490","ＰＩＬＬＡＲ","東P","9640","-430.0(-4.27%)","1.27"
"6492","岡野バルブ製造","東S","15630","+830.0(+5.61%)","1.32"
"6493","ＮＩＴＴＡＮ","東S","522","-96.0(-15.53%)","1.00"
"6494","ＮＦＫ　ＨＬＤＧ","東S","106","-18.0(-14.52%)","0.81"
"6495","宮入バルブ製作所","東S","161","-7.0(-4.17%)","0.75"
"6496","中北製作所","東S","5480","-180.0(-3.18%)","1.04"
"6497","ハマイ","東S","1270","-30.0(-2.31%)","0.45"
"6498","キッツ","東P","2132","-66.0(-3.00%)","0.99"
"6501","日立製作所","東P","4808.0","-4.0(-0.08%)","1.47"
"6503","三菱電機","東P","6350.0","-66.0(-1.03%)","1.26"
"6504","富士電機","東P","14775.0","-360.0(-2.38%)","1.44"
"6505","東洋電機製造","東S","2357","-51.0(-2.12%)","1.17"
"6506","安川電機","東P","6682.0","-305.0(-4.37%)","1.54"
"6507","シンフォニア　テクノロジー","東P","15030","-180.0(-1.18%)","1.72"
"6508","明電舎","東P","10910","-30.0(-0.27%)","1.46"
"6513","オリジン","東S","1061","+3.0(+0.28%)","0.33"
"6516","山洋電気","東P","7240","-170.0(-2.29%)","1.06"
"6517","デンヨー","東P","3820","+10.0(+0.26%)","0.94"
"6518","三相電機","東S","2299","+400.0(+21.06%)","0.47"
"6521","オキサイド","東G","6780","+750.0(+12.44%)","1.13"
"6522","アスタリスク","東G","1002","-10.0(-0.99%)","0.72"
"6523","ＰＨＣＨＬＤＧ","東P","965","+2.0(+0.21%)","0.71"
"6524","湖北工業","東S","6660","-90.0(-1.33%)","1.13"
"6525","ＫＯＫＵＳＡＩ　ＥＬＥＣＴＲＩ","東P","6716.0","+126.0(+1.91%)","1.62"
"6526","ソシオネクスト","東P","2391.5","-34.5(-1.42%)","1.58"
"6532","ベイカレント","東P","5318.0","+203.0(+3.97%)","0.63"
"6533","Ｏｒｃｈｅｓｔｒａ　ＨＬＤＧ","東P","989","-64.0(-6.08%)","0.86"
"6535","アイモバイル","東P","496","-5.0(-1.00%)","0.78"
"6537","ＷＡＳＨハウス","東G","315","-5.0(-1.56%)","0.83"
"6538","ディスラプターズ","東S","235","-2.0(-0.84%)","1.02"
"6539","ＭＳ―Ｊａｐａｎ","東P","916","-8.0(-0.87%)","0.57"
"6540","船場","東S","1468","-10.0(-0.68%)","0.57"
"6543","日宣","東S","1155","+0.0(+0.00%)","0.25"
"6544","ジャパンエレベーターサービスＨ","東P","1847.5","-21.5(-1.15%)","0.62"
"6545","インターネットインフィニティー","東G","741","+8.0(+1.09%)","0.79"
"6546","フルテック","東S","1110","-9.0(-0.80%)","0.17"
"6547","グリーンズ","東S","2085","-64.0(-2.98%)","1.07"
"6548","旅工房","東G","104","-14.0(-11.86%)","0.70"
"6549","ディーエムソリューションズ","東S","1901","+6.0(+0.32%)","0.67"
"6551","ツナググループＨＬＤＧ","東S","527","-7.0(-1.31%)","0.99"
"6552","ＧａｍｅＷｉｔｈ","東S","191","+4.0(+2.14%)","0.80"
"6554","エスユーエス","東G","1010","+0.0(+0.00%)","0.63"
"6555","ＭＳ＆Ｃｏｎｓｕｌｔｉｎｇ","東S","463","+0.0(+0.00%)","0.36"
"6557","ＡＩＡＩグループ","東G","700","-4.0(-0.57%)","0.42"
"6558","クックビズ","東G","641","-23.0(-3.46%)","0.63"
"6560","エル・ティー・エス","東P","1725","-2.0(-0.12%)","0.99"
"6561","ＨＡＮＡＴＯＵＲ　ＪＡＰＡＮ","東G","779","-7.0(-0.89%)","1.12"
"6562","ジーニー","東G","971","-57.0(-5.54%)","1.11"
"6563","みらいワークス","東G","555","-6.0(-1.07%)","0.75"
"6564","ミダックＨＬＤＧ","東P","2299","+149.0(+6.93%)","0.94"
"6566","要興業","東S","1334","+53.0(+4.14%)","0.41"
"6568","神戸天然物化学","東G","1134","-26.0(-2.24%)","0.55"
"6570","共和コーポレーション","東S","1605","+6.0(+0.38%)","0.68"
"6571","キュービーネットＨＬＤＧ","東P","1312","-10.0(-0.76%)","0.40"
"6572","オープングループ","東P","200","-7.0(-3.38%)","1.09"
"6573","ＣＲＡＶＩＡ","東G","33","+3.0(+10.00%)","0.99"
"6574","コンヴァノ","東G","96","+4.0(+4.35%)","0.40"
"6577","ベストワンドットコム","東G","1882","-33.0(-1.72%)","0.52"
"6578","コレックＨＬＤＧ","東S","432","-4.0(-0.92%)","0.66"
"6579","ログリー","東G","351","+80.0(+29.52%)","0.78"
"6580","ライトアップ","東G","898","-300.0(-25.04%)","1.01"
"6584","三櫻工業","東P","735","-38.0(-4.92%)","1.25"
"6586","マキタ","東P","5564.0","-86.0(-1.52%)","1.18"
"6588","東芝テック","東P","3060","+67.0(+2.24%)","1.05"
"6590","芝浦メカトロニクス","東P","4905","-255.0(-4.94%)","1.69"
"6592","マブチモーター","東P","1566.0","-36.0(-2.25%)","0.78"
"6594","ニデック","東P","2527","-46.0(-1.79%)","0.99"
"6597","ＨＰＣシステムズ","東G","2941","+80.0(+2.80%)","1.35"
"6599","エブレン","東S","3440","+170.0(+5.20%)","0.49"
"6612","バルミューダ","東G","581","-14.0(-2.35%)","0.42"
"6613","ＱＤレーザ","東G","2127","+400.0(+23.16%)","1.37"
"6614","シキノハイテック","東S","910","+90.0(+10.98%)","1.38"
"6615","ユー・エム・シー・エレクトロニ","東P","262","-50.0(-16.03%)","1.17"
"6616","トレックス・セミコンダクター","東P","2612","+222.0(+9.29%)","1.40"
"6617","東光高岳","東P","7680","-180.0(-2.29%)","1.22"
"6619","ダブル・スコープ","東P","282","+4.0(+1.44%)","1.47"
"6620","宮越ＨＬＤＧ","東P","645","-34.0(-5.01%)","1.29"
"6622","ダイヘン","東P","16540","-360.0(-2.13%)","1.53"
"6623","愛知電機","名P","8110","-170.0(-2.05%)","0.63"
"6625","ＪＡＬＣＯ　ＨＬＤＧ","東S","328","+3.0(+0.92%)","1.09"
"6626","ＳＥＭＩＴＥＣ","東S","2059","+70.0(+3.52%)","0.78"
"6627","テラプローブ","東S","11470","-450.0(-3.78%)","1.84"
"6629","テクノホライゾン","東S","1230","-64.0(-4.95%)","1.19"
"6630","ヤーマン","東P","710","+10.0(+1.43%)","0.42"
"6632","ＪＶＣケンウッド","東P","1138.0","-22.5(-1.94%)","0.99"
"6633","ＣＧＳ　ＨＬＤＧ","東S","337","-13.0(-3.71%)","0.51"
"6634","ＪＮグループ","東S","57","-16.0(-21.92%)","1.26"
"6635","大日光・エンジニアリング","東S","612","+10.0(+1.66%)","0.74"
"6637","寺崎電気産業","東S","3350","-475.0(-12.42%)","1.53"
"6638","ミマキエンジニアリング","東P","1776","-38.0(-2.09%)","1.40"
"6643","戸上電機製作所","東S","6190","-30.0(-0.48%)","0.77"
"6644","大崎電気工業","東P","1796","-35.0(-1.91%)","1.00"
"6645","オムロン","東P","5557.0","-143.0(-2.51%)","1.09"
"6647","森尾電機","東S","2587","+57.0(+2.25%)","0.33"
"6648","かわでん","東S","1860","-81.0(-4.17%)","0.85"
"6651","日東工業","東P","4905","-75.0(-1.51%)","0.75"
"6652","ＩＤＥＣ","東P","3500","-95.0(-2.64%)","0.97"
"6653","正興電機製作所","東P","2548","-100.0(-3.78%)","1.15"
"6654","不二電機工業","東S","1074","+3.0(+0.28%)","0.46"
"6655","東洋電機","名M","789","+18.0(+2.33%)","0.35"
"6656","インスペック","東S","724","+53.0(+7.90%)","1.15"
"6658","シライ電子工業","東S","485","-12.0(-2.41%)","0.92"
"6659","メディアリンクス","東S","35","+2.0(+6.06%)","1.47"
"6662","ユビテック","東S","219","+2.0(+0.92%)","0.08"
"6663","太洋テクノレックス","東S","292","-1.0(-0.34%)","0.99"
"6664","オプトエレクトロニクス","東S","277","+8.0(+2.97%)","0.94"
"6666","リバーエレテック","東S","972","-117.0(-10.74%)","1.19"
"6668","アドテックプラズマテクノロジー","東S","3250","+50.0(+1.56%)","1.16"
"6670","ＭＣＪ","東S","2185","+0.0(+0.00%)","0.76"
"6674","ジーエスユアサコーポレーション","東P","6285.0","-165.0(-2.56%)","1.20"
"6675","サクサ","東S","2012","+41.0(+2.08%)","0.83"
"6676","バッファロー","東S","2476","-65.0(-2.56%)","0.92"
"6677","エスケーエレクトロニクス","東S","3330","-5.0(-0.15%)","1.12"
"6678","テクノメディカ","東S","2090","-61.0(-2.84%)","0.58"
"6694","ズーム","東S","647","+0.0(+0.00%)","0.58"
"6696","トラース・オン・プロダクト","東G","384","+2.0(+0.52%)","0.89"
"6699","ダイヤモンドエレクトリックＨＤ","東S","466","-11.0(-2.31%)","1.17"
"6701","日本電気","東P","4162.0","+158.0(+3.95%)","1.20"
"6702","富士通","東P","3231.0","+14.0(+0.44%)","0.98"
"6703","沖電気工業","東P","3190","+40.0(+1.27%)","1.32"
"6706","電気興業","東P","3445","-15.0(-0.43%)","0.71"
"6707","サンケン電気","東P","8797.0","-270.0(-2.98%)","1.15"
"6718","アイホン","東P","2725","+8.0(+0.29%)","0.81"
"6721","ウインテスト","東S","97","-2.0(-2.02%)","1.10"
"6723","ルネサスエレクトロニクス","東P","3700.0","+53.0(+1.45%)","1.67"
"6724","セイコーエプソン","東P","2513.5","+25.5(+1.02%)","1.07"
"6727","ワコム","東P","777","+22.0(+2.91%)","1.05"
"6728","アルバック","東P","9608.0","+122.0(+1.29%)","1.38"
"6730","アクセル","東S","1116","+58.0(+5.48%)","0.89"
"6731","ピクセラ","東S","143","-9.0(-5.92%)","0.98"
"6736","サン電子","東S","9680","+560.0(+6.14%)","0.74"
"6737","ＥＩＺＯ","東P","2409","+31.0(+1.30%)","0.65"
"6740","ジャパンディスプレイ","東P","70","+2.0(+2.94%)","1.04"
"6741","日本信号","東P","1570","-8.0(-0.51%)","0.66"
"6742","京三製作所","東P","752","-14.0(-1.83%)","1.04"
"6743","大同信号","東S","808","+20.0(+2.54%)","0.76"
"6744","能美防災","東P","4710","+45.0(+0.96%)","0.59"
"6745","ホーチキ","東P","2175","+38.0(+1.78%)","0.83"
"6748","星和電機","東S","726","+0.0(+0.00%)","0.78"
"6750","エレコム","東P","1635","+29.0(+1.81%)","0.55"
"6752","パナソニック　ＨＬＤＧ","東P","3348.0","+55.0(+1.67%)","1.01"
"6753","シャープ","東P","606.5","+2.6(+0.43%)","0.86"
"6754","アンリツ","東P","4205.0","-34.0(-0.80%)","0.97"
"6757","ＯＳＧコーポレーション","東S","822","-6.0(-0.72%)","0.33"
"6758","ソニーグループ","東P","3596.0","+20.0(+0.56%)","1.06"
"6762","ＴＤＫ","東P","2977.5","-15.5(-0.52%)","1.50"
"6763","帝国通信工業","東P","2884","-14.0(-0.48%)","0.89"
"6768","タムラ製作所","東P","957","+28.0(+3.01%)","1.22"
"6769","ザインエレクトロニクス","東S","1206","+100.0(+9.04%)","1.15"
"6770","アルプスアルパイン","東P","2204.0","-2.0(-0.09%)","0.95"
"6771","池上通信機","東S","670","-9.0(-1.33%)","0.78"
"6772","東京コスモス電機","東S","1139","-2.0(-0.18%)","0.56"
"6775","ＴＢグループ","東S","123","+0.0(+0.00%)","1.10"
"6776","天昇電気工業","東S","265","-6.0(-2.21%)","0.88"
"6777","ｓａｎｔｅｃ　ＨＬＤＧ","東S","32300","+2,550.0(+8.57%)","1.53"
"6778","アルチザネットワークス","東S","620","+3.0(+0.49%)","0.39"
"6779","日本電波工業","東P","2342","+100.0(+4.46%)","1.53"
"6785","鈴木","東P","3115","+20.0(+0.65%)","0.96"
"6786","ＲＶＨ","東S","51","+1.0(+2.00%)","0.78"
"6787","メイコー","東P","39800","+3,600.0(+9.94%)","1.69"
"6788","日本トリム","東P","4295","+55.0(+1.30%)","0.81"
"6794","フォスター電機","東P","2861","-86.0(-2.92%)","1.15"
"6797","名古屋電機工業","東S","1180","-3.0(-0.25%)","0.44"
"6798","ＳＭＫ","東P","3565","+50.0(+1.42%)","0.85"
"6800","ヨコオ","東P","5240","+70.0(+1.35%)","1.36"
"6803","ティアック","東S","101","-2.0(-1.94%)","1.18"
"6804","ホシデン","東P","2595","+15.0(+0.58%)","0.79"
"6806","ヒロセ電機","東P","23840.0","-75.0(-0.31%)","0.90"
"6807","日本航空電子工業","東P","2560","+51.0(+2.03%)","1.02"
"6809","ＴＯＡ","東P","1577","-28.0(-1.74%)","0.81"
"6810","マクセル","東P","1899","-15.0(-0.78%)","0.97"
"6814","古野電気","東P","6140","-300.0(-4.66%)","1.52"
"6817","スミダコーポレーション","東P","1331","-21.0(-1.55%)","1.13"
"6819","伊豆シャボテンリゾート","東S","473","-1.0(-0.21%)","0.68"
"6820","アイコム","東P","3005","+25.0(+0.84%)","0.73"
"6822","大井電気","東S","6130","+740.0(+13.73%)","0.82"
"6823","リオン","東P","3560","+50.0(+1.42%)","0.96"
"6824","新コスモス電機","東S","5440","+120.0(+2.26%)","0.62"
"6832","アオイ電子","東S","2800","-23.0(-0.81%)","1.14"
"6834","精工技研","東S","28880","+690.0(+2.45%)","1.55"
"6835","アライドテレシスＨＬＤＧ","東S","301","+33.0(+12.31%)","1.42"
"6836","ぷらっとホーム","東S","868","+23.0(+2.72%)","0.29"
"6837","京写","東S","299","-1.0(-0.33%)","0.80"
"6838","多摩川ＨＬＤＧ","東S","2182","+182.0(+9.10%)","1.21"
"6840","ＡＫＩＢＡ　ＨＬＤＧ","東S","888","+150.0(+20.33%)","1.34"
"6841","横河電機","東P","4864.0","-149.0(-2.97%)","1.16"
"6844","新電元工業","東P","3155","+30.0(+0.96%)","1.20"
"6845","アズビル","東P","1510.5","+0.0(+0.00%)","0.92"
"6846","中央製作所","名M","1316","+1.0(+0.08%)","0.32"
"6848","東亜ディーケーケー","東S","873","+15.0(+1.75%)","0.28"
"6849","日本光電工業","東P","1489.5","+12.0(+0.81%)","1.03"
"6850","チノー","東P","1554","+8.0(+0.52%)","0.98"
"6853","共和電業","東S","856","-1.0(-0.12%)","0.81"
"6855","日本電子材料","東S","7340","+120.0(+1.66%)","1.73"
"6856","堀場製作所","東P","25790.0","+265.0(+1.04%)","1.25"
"6857","アドバンテスト","東P","26150.0","-210.0(-0.80%)","1.62"
"6858","小野測器","東S","807","+5.0(+0.62%)","0.95"
"6859","エスペック","東P","3345","-50.0(-1.47%)","1.06"
"6861","キーエンス","東P","76830.0","-350.0(-0.45%)","1.10"
"6862","ミナトＨＬＤＧ","東S","2743","+14.0(+0.51%)","1.17"
"6863","ニレコ","東S","2517","+114.0(+4.74%)","1.10"
"6864","エヌエフＨＬＤＧ","東S","1670","+207.0(+14.15%)","1.14"
"6866","日置電機","東P","11640","+0.0(+0.00%)","0.91"
"6867","リーダー電子","東S","406","-8.0(-1.93%)","0.72"
"6869","シスメックス","東P","1381.5","+46.5(+3.48%)","0.66"
"6870","日本フェンオール","東S","2278","-103.0(-4.33%)","0.22"
"6871","日本マイクロニクス","東P","15690","+390.0(+2.55%)","1.71"
"6874","協立電機","東S","2754","+19.0(+0.69%)","0.96"
"6875","メガチップス","東P","11820","-540.0(-4.37%)","0.94"
"6877","ＯＢＡＲＡ　ＧＲＯＵＰ","東S","6330","+70.0(+1.12%)","0.49"
"6882","三社電機製作所","東S","1441","+65.0(+4.72%)","0.88"
"6888","アクモス","東S","535","+0.0(+0.00%)","0.66"
"6890","フェローテック","東S","9200","-260.0(-2.75%)","1.30"
"6894","パルステック工業","東S","2219","-31.0(-1.38%)","0.44"
"6897","ツインバード","東S","396","+3.0(+0.76%)","0.38"
"6898","トミタ電機","東S","3700","+0.0(+0.00%)","0.31"
"6899","ＡＳＴＩ","東S","2219","+84.0(+3.93%)","0.99"
"6902","デンソー","東P","1838.5","-105.5(-5.43%)","1.04"
"6904","原田工業","東S","450","-4.0(-0.88%)","0.51"
"6905","コーセル","東P","1322","-10.0(-0.75%)","0.77"
"6907","ジオマテック","東S","880","-60.0(-6.38%)","1.12"
"6908","イリソ電子工業","東P","3375","-40.0(-1.17%)","0.92"
"6912","菊水ＨＬＤＧ","東S","2184","-316.0(-12.64%)","0.69"
"6914","オプテックスグループ","東P","4540","+140.0(+3.18%)","1.07"
"6915","千代田インテグレ","東S","3120","-10.0(-0.32%)","0.89"
"6918","アバールデータ","東S","3760","+240.0(+6.82%)","1.17"
"6919","ケル","東S","1345","+1.0(+0.07%)","0.52"
"6920","レーザーテック","東P","38190.0","-220.0(-0.57%)","1.46"
"6923","スタンレー電気","東P","3462.0","-25.0(-0.72%)","0.76"
"6925","ウシオ電機","東P","4179.0","-60.0(-1.42%)","0.93"
"6926","岡谷電機産業","東S","196","+5.0(+2.62%)","0.47"
"6927","ヘリオス　テクノ　ＨＬＤＧ","東S","991","-28.0(-2.75%)","0.67"
"6928","エノモト","東S","3510","+40.0(+1.15%)","0.98"
"6929","日本セラミック","東P","4145","-55.0(-1.31%)","0.52"
"6932","遠藤照明","東S","2431","+31.0(+1.29%)","1.04"
"6941","山一電機","東P","9530","-130.0(-1.35%)","1.49"
"6942","ソフィアＨＬＤＧ","東S","1305","+9.0(+0.69%)","0.34"
"6943","ＮＫＫスイッチズ","東S","4915","+25.0(+0.51%)","0.32"
"6946","日本アビオニクス","東S","5760","-220.0(-3.68%)","1.61"
"6947","図研","東P","4610","+45.0(+0.99%)","0.68"
"6951","日本電子","東P","6465.0","-487.0(-7.01%)","1.23"
"6952","カシオ計算機","東P","1639.0","-55.0(-3.25%)","0.69"
"6954","ファナック","東P","7966.0","-262.0(-3.18%)","1.29"
"6955","ＦＤＫ","東S","415","-7.0(-1.66%)","0.88"
"6958","日本シイエムケイ","東P","671","+23.0(+3.55%)","1.37"
"6960","フクダ電子","東S","10560","+660.0(+6.67%)","0.43"
"6961","エンプラス","東P","13950","+70.0(+0.50%)","1.50"
"6962","大真空","東P","779","+15.0(+1.96%)","1.06"
"6963","ローム","東P","4145.0","-35.0(-0.84%)","0.93"
"6964","サンコー","東S","702","+8.0(+1.15%)","0.50"
"6965","浜松ホトニクス","東P","2867.0","+210.0(+7.90%)","1.07"
"6966","三井ハイテック","東P","712","-7.0(-0.97%)","1.41"
"6969","松尾電機","東S","1699","+81.0(+5.01%)","1.03"
"6971","京セラ","東P","2834.0","-50.0(-1.73%)","0.94"
"6976","太陽誘電","東P","7194.0","+432.0(+6.39%)","1.54"
"6977","日本抵抗器製作所","東S","1002","+28.0(+2.87%)","0.29"
"6981","村田製作所","東P","6171.0","+20.0(+0.33%)","1.34"
"6982","リード","東S","589","+0.0(+0.00%)","0.68"
"6986","双葉電子工業","東P","645","-8.0(-1.23%)","1.15"
"6988","日東電工","東P","2951.0","-7.5(-0.25%)","1.37"
"6989","北陸電気工業","東S","2385","-47.0(-1.93%)","0.62"
"6993","大黒屋ＨＬＤＧ","東S","102","-4.0(-3.77%)","0.84"
"6994","指月電機製作所","東S","994","-14.0(-1.39%)","1.23"
"6995","東海理化電機製作所","東P","2823","-155.0(-5.20%)","0.75"
"6996","ニチコン","東P","2872","+130.0(+4.74%)","1.00"
"6997","日本ケミコン","東P","2944","-52.0(-1.74%)","1.27"
"6998","日本タングステン","東S","1931","-67.0(-3.35%)","0.85"
"6999","ＫＯＡ","東P","2115","+54.0(+2.62%)","1.30"
"7003","三井Ｅ＆Ｓ","東P","4589.0","-131.0(-2.78%)","1.82"
"7004","カナデビア","東P","1379","-23.0(-1.64%)","0.96"
"7011","三菱重工業","東P","4102.0","+22.0(+0.54%)","1.46"
"7012","川崎重工業","東P","2886.0","-162.0(-5.31%)","1.48"
"7013","ＩＨＩ","東P","2670.5","-14.5(-0.54%)","1.39"
"7014","名村造船所","東S","4150","-225.0(-5.14%)","1.66"
"7018","内海造船","東S","9180","-780.0(-7.83%)","1.29"
"7021","ニッチツ","東S","1916","-82.0(-4.10%)","0.55"
"7022","サノヤスＨＬＤＧ","東S","292","+2.0(+0.69%)","1.13"
"7030","スプリックス","東S","1364","-42.0(-2.99%)","0.42"
"7031","インバウンドテック","東G","619","-6.0(-0.96%)","0.68"
"7033","マネジメントソリューションズ","東P","1295","+30.0(+2.37%)","0.96"
"7034","プロレド・パートナーズ","東P","391","-17.0(-4.17%)","1.15"
"7035","ａｎｄ　ｆａｃｔｏｒｙ","東S","238","+2.0(+0.85%)","0.72"
"7036","イーエムネットジャパン","東G","755","+1.0(+0.13%)","0.39"
"7037","テノ．ＨＬＤＧ","東S","904","-6.0(-0.66%)","0.56"
"7038","フロンティア・マネジメント","東P","561","+6.0(+1.08%)","1.08"
"7039","ブリッジインターナショナルグル","東G","1613","-37.0(-2.24%)","0.65"
"7040","サン・ライフＨＬＤＧ","東S","988","-15.0(-1.50%)","0.30"
"7041","ＣＲＧ　ＨＬＤＧ","東G","293","+0.0(+0.00%)","0.64"
"7042","アクセスグループ・ＨＬＤＧ","東S","599","-2.0(-0.33%)","0.71"
"7043","アルー","東G","898","-9.0(-0.99%)","0.08"
"7044","ピアラ","東S","530","-7.0(-1.30%)","0.69"
"7046","ＴＤＳＥ","東G","1270","+16.0(+1.28%)","0.91"
"7047","ポート","東G","2292","-108.0(-4.50%)","1.34"
"7048","ベルトラ","東G","145","-3.0(-2.03%)","1.05"
"7049","識学","東G","790","+0.0(+0.00%)","0.50"
"7050","フロンティアインターナショナル","東G","1468","+33.0(+2.30%)","0.48"
"7057","エヌ・シー・エヌ","東S","910","-16.0(-1.73%)","0.63"
"7058","共栄セキュリティーサービス","東S","3045","+25.0(+0.83%)","0.45"
"7059","コプロ・ＨＬＤＧ","東P","831","+21.0(+2.59%)","0.92"
"7060","ギークス","東S","548","-42.0(-7.12%)","0.91"
"7061","日本ホスピスＨＬＤＧ","東G","661","-64.0(-8.83%)","1.16"
"7062","フレアス","東G","806","-8.0(-0.98%)","0.76"
"7063","Ｂｉｒｄｍａｎ","東G","106","+5.0(+4.95%)","0.74"
"7064","ハウテレビジョン","東S","791","-57.0(-6.72%)","0.60"
"7065","ユーピーアール","東S","1009","-50.0(-4.72%)","0.90"
"7066","ピアズ","東G","451","-17.0(-3.63%)","1.08"
"7067","ブランディングテクノロジー","東G","915","+2.0(+0.22%)","0.42"
"7068","フィードフォースグループ","東G","502","-1.0(-0.20%)","0.78"
"7069","サイバー・バズ","東G","1035","+44.0(+4.44%)","0.80"
"7071","アンビスＨＬＤＧ","東P","345","-15.0(-4.17%)","0.72"
"7072","インティメート・マージャー","東G","850","+14.0(+1.67%)","0.78"
"7073","ジェイック","東G","2187","+6.0(+0.28%)","0.72"
"7074","トゥエンティーフォーセブンＨＤ","東G","170","+1.0(+0.59%)","1.09"
"7076","名南Ｍ＆Ａ","名M","900","+9.0(+1.01%)","0.12"
"7077","ＡＬｉＮＫインターネット","東G","994","+0.0(+0.00%)","0.20"
"7078","ＩＮＣＬＵＳＩＶＥ　ＨＬＤＧ","東G","365","-4.0(-1.08%)","1.06"
"7079","ＷＤＢココ","東G","2578","+3.0(+0.12%)","0.45"
"7080","スポーツフィールド","東G","814","-16.0(-1.93%)","0.88"
"7081","コーユーレンティア","東S","1341","-11.0(-0.81%)","0.44"
"7082","ジモティー","東G","1030","+150.0(+17.05%)","1.01"
"7083","ＡＨＣグループ","東G","746","+18.0(+2.47%)","0.92"
"7084","Ｓｍｉｌｅ　ＨＬＤＧ","東G","2698","-154.0(-5.40%)","0.42"
"7085","カーブスＨＬＤＧ","東P","821","-3.0(-0.36%)","0.65"
"7087","ウイルテック","東S","1310","+40.0(+3.15%)","0.58"
"7089","フォースタートアップス","東G","1530","+18.0(+1.19%)","1.03"
"7090","リグア","東G","890","-1.0(-0.11%)","0.60"
"7091","リビングプラットフォーム","東G","1192","-127.0(-9.63%)","0.42"
"7093","アディッシュ","東G","519","+7.0(+1.37%)","0.59"
"7094","ＮｅｘＴｏｎｅ","東G","1406","+11.0(+0.79%)","0.96"
"7095","Ｍａｃｂｅｅ　Ｐｌａｎｅｔ","東P","1197","-17.0(-1.40%)","1.10"
"7096","ステムセル研究所","東G","647","-28.0(-4.15%)","0.88"
"7097","さくらさくプラス","東G","3015","-20.0(-0.66%)","0.53"
"7102","日本車輌製造","東P","3390","-115.0(-3.28%)","0.96"
"7110","クラシコム","東G","2015","-18.0(-0.89%)","0.74"
"7111","ＩＮＥＳＴ","東S","428","-17.0(-3.82%)","1.07"
"7112","キューブ","東G","700","+10.0(+1.45%)","0.42"
"7114","フーディソン","東G","803","-3.0(-0.37%)","0.54"
"7115","アルファパーチェス","東S","1551","+26.0(+1.70%)","0.88"
"7119","ハルメクＨＬＤＧ","東G","1511","+10.0(+0.67%)","0.40"
"7120","ＳＨＩＮＫＯ","東S","963","-51.0(-5.03%)","0.42"
"7122","近畿車輛","東S","2406","+0.0(+0.00%)","0.93"
"7126","グローバルスタイル","東S","1529","-1.0(-0.07%)","0.44"
"7127","一家ＨＬＤＧ","東S","685","+0.0(+0.00%)","0.35"
"7128","ユニソルＨＬＤＧ","東P","2063","-11.0(-0.53%)","0.72"
"7129","ミアヘルサＨＬＤＧ","東S","1142","-1.0(-0.09%)","0.24"
"7130","ヤマエグループＨＬＤＧ","東P","2838","-72.0(-2.47%)","0.91"
"7131","のむら産業","東S","3520","-130.0(-3.56%)","0.49"
"7133","ＨＹＵＧＡ　ＰＲＩＭＡＲＹ　Ｃ","東G","937","+5.0(+0.54%)","0.78"
"7134","アップガレージグループ","東S","1151","-11.0(-0.95%)","0.73"
"7135","ジャパンクラフトＨＬＤＧ","東S","211","+1.0(+0.48%)","0.42"
"7138","ＴＯＲＩＣＯ","東G","185","-5.0(-2.63%)","0.83"
"7140","ペットゴー","東G","823","+3.0(+0.37%)","0.63"
"7148","ＦＰＧ","東P","1503","-23.0(-1.51%)","1.04"
"7150","島根銀行","東S","497","-13.0(-2.55%)","0.84"
"7157","ライフネット生命保険","東P","1833","-13.0(-0.70%)","0.93"
"7161","じもとＨＬＤＧ","東S","561","+55.0(+10.87%)","0.92"
"7162","アストマックス","東S","332","+2.0(+0.61%)","0.74"
"7164","全国保証","東P","2996.5","-34.5(-1.14%)","0.53"
"7167","めぶきフィナンシャルグループ","東P","1366.5","-11.0(-0.80%)","1.31"
"7172","ジャパンインベストメントアドバ","東P","2035","-81.0(-3.83%)","1.32"
"7173","東京きらぼしＦＧ","東P","10450","-130.0(-1.23%)","1.26"
"7175","今村証券","東S","1320","-24.0(-1.79%)","0.88"
"7177","ＧＭＯフィナンシャルＨＬＤＧ","東S","1025","-2.0(-0.19%)","0.80"
"7180","九州ＦＧ","東P","1379.5","-38.0(-2.68%)","1.30"
"7181","かんぽ生命保険","東P","1463.5","-184.5(-11.20%)","1.01"
"7182","ゆうちょ銀行","東P","2977.5","+148.5(+5.25%)","1.14"
"7183","あんしん保証","東S","257","+1.0(+0.39%)","0.75"
"7184","富山第一銀行","東P","2580","-115.0(-4.27%)","1.39"
"7185","ヒロセ通商","東S","3780","+30.0(+0.80%)","0.68"
"7186","横浜ＦＧ","東P","1594.5","+0.5(+0.03%)","1.30"
"7187","ジェイリース","東P","1336","-10.0(-0.74%)","0.96"
"7189","西日本フィナンシャルＨＬＤＧ","東P","4023.0","-27.0(-0.67%)","1.29"
"7191","イントラスト","東S","1076","-26.0(-2.36%)","0.67"
"7192","日本モーゲージサービス","東S","600","-13.0(-2.12%)","0.52"
"7196","Ｃａｓａ","東S","747","+10.0(+1.36%)","0.40"
"7198","ＳＢＩアルヒ","東P","815","-22.0(-2.63%)","0.85"
"7199","プレミアグループ","東P","1903","-20.0(-1.04%)","0.88"
"7201","日産自動車","東P","355.7","-19.3(-5.15%)","1.17"
"7202","いすゞ自動車","東P","2215.0","-83.5(-3.63%)","0.93"
"7203","トヨタ自動車","東P","2954.5","-130.5(-4.23%)","1.19"
"7208","カネミツ","東S","1181","+17.0(+1.46%)","0.40"
"7211","三菱自動車工業","東P","339.7","-7.3(-2.10%)","0.97"
"7212","エフテック","東S","670","+4.0(+0.60%)","1.03"
"7213","レシップＨＬＤＧ","東S","528","-7.0(-1.31%)","0.44"
"7214","ＧＭＢ","東S","985","+40.0(+4.23%)","1.10"
"7215","ファルテック","東S","405","-48.0(-10.60%)","0.68"
"7217","テイン","東S","441","+1.0(+0.23%)","0.45"
"7218","田中精密工業","東S","1001","-34.0(-3.29%)","0.77"
"7219","エッチ・ケー・エス","東S","2270","-30.0(-1.30%)","0.31"
"7220","武蔵精密工業","東P","5360","-80.0(-1.47%)","1.46"
"7222","日産車体","東S","984","-35.0(-3.43%)","0.74"
"7224","新明和工業","東P","2240","-88.0(-3.78%)","1.18"
"7226","極東開発工業","東P","2269","-94.0(-3.98%)","0.83"
"7227","アスカ","名M","1800","+9.0(+0.50%)","0.41"
"7228","デイトナ","東S","3700","-20.0(-0.54%)","0.41"
"7229","ユタカ技研","東S","2997","+0.0(+0.00%)","0.56"
"7231","トピー工業","東P","2759","-1.0(-0.04%)","1.11"
"7235","東京ラヂエーター製造","東S","1490","-46.0(-2.99%)","0.75"
"7236","ティラド","東P","13830","-540.0(-3.76%)","1.30"
"7238","曙ブレーキ工業","東P","117","-3.0(-2.50%)","1.25"
"7239","タチエス","東P","2197","+25.0(+1.15%)","0.89"
"7240","ＮＯＫ","東P","2896.0","-28.5(-0.97%)","0.79"
"7241","フタバ産業","東P","1065","+23.0(+2.21%)","1.04"
"7242","カヤバ","東P","4035","-80.0(-1.94%)","0.82"
"7244","市光工業","東P","536","-6.0(-1.11%)","1.11"
"7245","大同メタル工業","東P","1014","+32.0(+3.26%)","1.08"
"7246","プレス工業","東P","783","-9.0(-1.14%)","0.96"
"7247","ミクニ","東S","343","-5.0(-1.44%)","1.07"
"7254","ユニバンス","東S","736","-6.0(-0.81%)","1.04"
"7255","桜井製作所","東S","456","+2.0(+0.44%)","0.21"
"7256","河西工業","東S","463","+20.0(+4.51%)","1.50"
"7259","アイシン","東P","2371.5","-109.0(-4.39%)","1.10"
"7261","マツダ","東P","1056.0","-36.5(-3.34%)","1.24"
"7264","ムロコーポレーション","東S","1307","+6.0(+0.46%)","0.51"
"7265","エイケン工業","東S","3690","+30.0(+0.82%)","0.53"
"7266","今仙電機製作所","東S","931","+43.0(+4.84%)","0.72"
"7267","本田技研工業","東P","1342.5","-87.5(-6.12%)","1.06"
"7269","スズキ","東P","1769.0","-74.5(-4.04%)","1.09"
"7270","ＳＵＢＡＲＵ","東P","2385.0","-182.5(-7.11%)","1.19"
"7271","安永","東S","1145","-44.0(-3.70%)","1.03"
"7272","ヤマハ発動機","東P","1273.5","-52.0(-3.92%)","0.98"
"7273","イクヨ","東S","675","+34.0(+5.30%)","0.89"
"7276","小糸製作所","東P","2796.0","-54.0(-1.89%)","0.92"
"7277","ＴＢＫ","東S","340","-11.0(-3.13%)","0.69"
"7278","エクセディ","東P","5960","-160.0(-2.61%)","0.75"
"7279","ハイレックスコーポレーション","東S","2640","-38.0(-1.42%)","1.21"
"7280","ミツバ","東P","1221","+65.0(+5.62%)","1.24"
"7282","豊田合成","東P","4644.0","-127.0(-2.66%)","1.04"
"7283","愛三工業","東P","1752","-35.0(-1.96%)","1.06"
"7284","盟和産業","東S","1227","-23.0(-1.84%)","0.34"
"7287","日本精機","東S","2563","+101.0(+4.10%)","1.18"
"7291","日本プラスト","東S","479","-3.0(-0.62%)","0.93"
"7292","村上開明堂","東S","6960","-100.0(-1.42%)","0.63"
"7294","ヨロズ","東P","892","+11.0(+1.25%)","0.75"
"7296","エフ・シー・シー","東P","3360","-75.0(-2.18%)","0.76"
"7297","カーメイト","東S","840","-25.0(-2.89%)","0.26"
"7299","フジオーゼックス","東S","1651","+65.0(+4.10%)","0.79"
"7305","新家工業","東S","2517","-72.0(-2.78%)","0.66"
"7309","シマノ","東P","17410.0","+385.0(+2.26%)","0.56"
"7313","テイ・エス　テック","東P","1765.0","-45.5(-2.51%)","0.69"
"7314","小田原機器","東S","1171","+15.0(+1.30%)","0.27"
"7317","松屋アールアンドディ","東G","1106","+1.0(+0.09%)","0.36"
"7318","セレンディップＨＬＤＧ","東G","1939","+55.0(+2.92%)","1.47"
"7320","Ｓｏｌｖｖｙ","東G","1766","+278.0(+18.68%)","0.83"
"7322","三十三ＦＧ","東P","1668","-29.0(-1.71%)","1.20"
"7325","アイリックコーポレーション","東G","786","-74.0(-8.60%)","0.60"
"7326","ＳＢＩインシュアランスグループ","東G","2269","+31.0(+1.39%)","0.93"
"7327","第四北越ＦＧ","東P","2070","+40.0(+1.97%)","1.27"
"7337","ひろぎんＨＬＤＧ","東P","2023.0","-30.5(-1.49%)","1.22"
"7343","ブロードマインド","東G","1133","-17.0(-1.48%)","0.51"
"7345","アイ・パートナーズフィナンシャ","東G","1029","+36.0(+3.63%)","0.50"
"7347","マーキュリアＨＬＤＧ","東P","733","-1.0(-0.14%)","0.86"
"7350","おきなわＦＧ","東P","6160","+250.0(+4.23%)","1.17"
"7351","グッドパッチ","東G","461","+6.0(+1.32%)","0.94"
"7352","ＴＷＯＳＴＯＮＥ＆Ｓｏｎｓ","東G","358","-24.0(-6.28%)","0.99"
"7353","ＫＩＹＯラーニング","東G","566","+1.0(+0.18%)","0.66"
"7354","ＤｍＭＩＸ","東S","279","-25.0(-8.22%)","1.22"
"7356","ＲＥＴＴＹ","東G","128","+4.0(+3.23%)","0.88"
"7357","ジオコード","東S","1538","+4.0(+0.26%)","0.69"
"7358","ポピンズ","東S","1389","+4.0(+0.29%)","0.81"
"7359","東京通信グループ","東G","235","-4.0(-1.67%)","1.15"
"7360","オンデック","東G","708","-2.0(-0.28%)","0.55"
"7361","ヒューマンクリエイションＨＬＤ","東G","1150","+0.0(+0.00%)","0.64"
"7362","Ｔ．Ｓ．Ｉ","東G","835","+13.0(+1.58%)","0.61"
"7363","ベビーカレンダー","東G","1187","+6.0(+0.51%)","0.69"
"7366","ＬＩＴＡＬＩＣＯ","東P","1561","+29.0(+1.89%)","0.63"
"7367","セルム","東S","323","+9.0(+2.87%)","0.72"
"7368","表示灯","東S","1660","-18.0(-1.07%)","0.43"
"7369","メイホーＨＬＤＧ","東G","503","-15.0(-2.90%)","0.66"
"7370","Ｅｎｊｉｎ","東G","806","+2.0(+0.25%)","0.66"
"7371","Ｚｅｎｋｅｎ","東G","707","+21.0(+3.06%)","0.58"
"7372","デコルテＨＬＤＧ","東G","378","-7.0(-1.82%)","0.95"
"7373","アイドマＨＬＤＧ","東G","1204","+35.0(+2.99%)","1.14"
"7374","コンフィデンス・インターワーク","東G","1546","+6.0(+0.39%)","0.40"
"7375","リファインバースグループ","東G","1940","+400.0(+25.97%)","0.67"
"7376","ＢＣＣ","東G","1139","-76.0(-6.26%)","0.12"
"7377","ＤＮ　ＨＬＤＧ","東S","1865","+4.0(+0.21%)","0.48"
"7378","アシロ","東G","1603","-58.0(-3.49%)","0.96"
"7380","十六ＦＧ","東P","2051","+6.0(+0.29%)","1.25"
"7381","ＣＣＩグループ","東P","1030","-14.0(-1.34%)","1.20"
"7383","ネットプロテクションズＨＬＤＧ","東P","408","-29.0(-6.64%)","1.39"
"7384","プロクレアＨＬＤＧ","東P","3625","+180.0(+5.22%)","0.83"
"7388","ＦＰパートナー","東P","2359","+15.0(+0.64%)","0.85"
"7389","あいちＦＧ","東P","1454","-68.0(-4.47%)","1.12"
"7399","ナンシン","東S","564","+1.0(+0.18%)","0.33"
"7409","ＡｅｒｏＥｄｇｅ","東G","3955","+120.0(+3.13%)","1.07"
"7412","アトム","東S","661","-37.0(-5.30%)","0.25"
"7413","創健社","東S","2510","-55.0(-2.14%)","0.26"
"7414","小野建","東P","1339","-27.0(-1.98%)","0.74"
"7416","はるやまＨＬＤＧ","東S","681","-2.0(-0.29%)","0.42"
"7417","南陽","東S","1507","+5.0(+0.33%)","0.64"
"7419","ノジマ","東P","1327","+2.0(+0.15%)","0.43"
"7421","カッパ・クリエイト","東P","1420","-8.0(-0.56%)","0.38"
"7422","東邦レマック","東S","395","+1.0(+0.25%)","0.22"
"7425","初穂商事","東S","2353","-50.0(-2.08%)","0.50"
"7426","山大","東S","505","+8.0(+1.61%)","0.75"
"7427","エコートレーディング","東S","852","-13.0(-1.50%)","0.76"
"7433","伯東","東P","4520","-50.0(-1.09%)","0.83"
"7434","オータケ","東S","2000","+8.0(+0.40%)","0.29"
"7435","ナ・デックス","東S","987","+6.0(+0.61%)","0.46"
"7438","コンドーテック","東P","1441","-56.0(-3.74%)","0.64"
"7441","Ｍｉｓｕｍｉ","福","1779","+0.0(+0.00%)","-0.02"
"7442","中山福","東S","445","-1.0(-0.22%)","0.41"
"7443","横浜魚類","東S","611","-1.0(-0.16%)","0.12"
"7444","ハリマ共和物産","東S","1950","-10.0(-0.51%)","0.46"
"7446","東北化学薬品","東S","4450","+0.0(+0.00%)","0.25"
"7447","ナガイレーベン","東P","1652","-34.0(-2.02%)","0.56"
"7453","良品計画","東P","3293.0","-67.0(-1.99%)","0.75"
"7456","松田産業","東P","7180","-590.0(-7.59%)","0.96"
"7458","第一興商","東P","1710.0","+13.5(+0.80%)","0.52"
"7459","メディパルＨＬＤＧ","東P","2820.5","+11.0(+0.39%)","0.57"
"7460","ヤギ","東S","4520","+160.0(+3.67%)","0.80"
"7461","キムラ","東S","445","+2.0(+0.45%)","0.57"
"7462","ＣＡＰＩＴＡ","東S","618","-7.0(-1.12%)","0.57"
"7463","アドヴァングループ","東S","932","-5.0(-0.53%)","0.61"
"7464","セフテック","東S","1591","-14.0(-0.87%)","0.34"
"7466","ＳＰＫ","東P","1196","-16.0(-1.32%)","0.55"
"7472","鳥羽洋行","東S","3705","-15.0(-0.40%)","0.31"
"7475","アルビス","東P","2490","-19.0(-0.76%)","0.38"
"7476","アズワン","東P","2031.0","+9.5(+0.47%)","0.57"
"7477","ムラキ","東S","1911","-18.0(-0.93%)","0.20"
"7480","スズデン","東S","2004","+16.0(+0.80%)","0.57"
"7481","尾家産業","東S","2408","-11.0(-0.45%)","0.63"
"7482","シモジマ","東P","1296","-39.0(-2.92%)","0.57"
"7483","ドウシシャ","東P","3030","-25.0(-0.82%)","0.40"
"7485","岡谷鋼機","名P","9250","-70.0(-0.75%)","0.60"
"7486","サンリン","東S","722","+2.0(+0.28%)","0.13"
"7487","小津産業","東S","1912","+4.0(+0.21%)","0.29"
"7488","ヤガミ","名M","4940","+70.0(+1.44%)","0.42"
"7490","日新商事","東S","2205","+0.0(+0.00%)","0.24"
"7494","コナカ","東S","232","-2.0(-0.85%)","0.55"
"7500","西川計測","東S","9880","+150.0(+1.54%)","0.13"
"7501","ティムコ","東S","1861","+0.0(+0.00%)","0.08"
"7502","プラザＨＬＤＧ","東S","1632","+4.0(+0.25%)","0.18"
"7504","高速","東P","2841","-31.0(-1.08%)","0.58"
"7505","扶桑電通","東S","2002","+73.0(+3.78%)","0.64"
"7506","ハウス　オブ　ローゼ","東S","1352","+1.0(+0.07%)","0.18"
"7508","Ｇ―７ＨＬＤＧ","東P","1324","-50.0(-3.64%)","0.62"
"7509","アイエーグループ","東S","4830","-70.0(-1.43%)","0.41"
"7510","たけびし","東P","2216","+8.0(+0.36%)","0.87"
"7512","イオン北海道","東S","848","-9.0(-1.05%)","0.28"
"7513","コジマ","東P","1217","+4.0(+0.33%)","0.56"
"7514","ヒマラヤ","東S","848","-2.0(-0.24%)","0.07"
"7515","マルヨシセンター","東S","4575","+65.0(+1.44%)","0.08"
"7516","コーナン商事","東P","4085","-5.0(-0.12%)","0.56"
"7520","エコス","東P","2297","-15.0(-0.65%)","0.62"
"7521","ムサシ","東S","2806","-89.0(-3.07%)","0.36"
"7522","ワタミ","東P","910","-17.0(-1.83%)","0.48"
"7523","アールビバン","東S","1610","-33.0(-2.01%)","0.47"
"7524","マルシェ","東S","155","-11.0(-6.63%)","0.61"
"7525","リックス","東P","3485","+120.0(+3.57%)","0.89"
"7527","システムソフト","東S","51","-2.0(-3.77%)","1.06"
"7531","清和中央ＨＬＤＧ","東S","1362","+12.0(+0.89%)","0.15"
"7532","パン・パシフィック・インターナ","東P","871.3","+0.0(+0.00%)","0.62"
"7537","丸文","東P","1611","+30.0(+1.90%)","1.13"
"7538","大水","東S","374","+1.0(+0.27%)","0.43"
"7539","アイナボＨＬＤＧ","東S","736","-15.0(-2.00%)","0.54"
"7544","スリーエフ","東S","552","+2.0(+0.36%)","0.59"
"7545","西松屋チェーン","東P","1954","-1.0(-0.05%)","0.44"
"7550","ゼンショーＨＬＤＧ","東P","7740.0","-10.0(-0.13%)","0.63"
"7551","ウェッズ","東S","629","-5.0(-0.79%)","0.33"
"7552","ハピネット","東P","2645","-2.0(-0.08%)","0.91"
"7554","幸楽苑","東P","1082","-6.0(-0.55%)","0.45"
"7555","大田花き","東S","742","+0.0(+0.00%)","0.06"
"7561","ハークスレイ","東S","652","-18.0(-2.69%)","0.59"
"7562","安楽亭","東S","3695","+10.0(+0.27%)","0.34"
"7564","ワークマン","東S","7170","+10.0(+0.14%)","0.35"
"7565","萬世電機","東S","6390","+0.0(+0.00%)","0.49"
"7567","栄電子","東S","519","-5.0(-0.95%)","0.51"
"7570","橋本総業ＨＬＤＧ","東S","1393","+2.0(+0.14%)","0.84"
"7571","ヤマノＨＬＤＧ","東S","93","-6.0(-6.06%)","0.78"
"7575","日本ライフライン","東P","1266","-15.0(-1.17%)","0.58"
"7578","ニチリョク","東S","96","-7.0(-6.80%)","0.94"
"7581","サイゼリヤ","東P","5100","-30.0(-0.58%)","0.36"
"7585","かんなん丸","東S","410","-4.0(-0.97%)","0.48"
"7590","タカショー","東S","398","-2.0(-0.50%)","0.61"
"7593","ＶＴ　ＨＬＤＧ","東P","445","-21.0(-4.51%)","0.57"
"7595","アルゴグラフィックス","東P","1323","-50.0(-3.64%)","0.78"
"7596","魚力","東P","2200","-64.0(-2.83%)","0.42"
"7599","ＩＤＯＭ","東P","1291","-25.0(-1.90%)","0.78"
"7600","日本エム・ディ・エム","東P","733","+103.0(+16.35%)","0.78"
"7601","ポプラ","東S","162","-1.0(-0.61%)","0.84"
"7602","レダックス","東S","160","-2.0(-1.23%)","0.61"
"7603","ジーイエット","東S","79","-2.0(-2.47%)","0.42"
"7604","梅の花グループ","東S","831","+2.0(+0.24%)","0.20"
"7606","ユナイテッドアローズ","東P","2383","-41.0(-1.69%)","0.65"
"7607","進和","東P","2987","-53.0(-1.74%)","0.66"
"7608","エスケイジャパン","東S","750","-25.0(-3.23%)","0.96"
"7609","ダイトロン","東P","3855","+30.0(+0.78%)","0.92"
"7610","テイツー","東S","134","-1.0(-0.74%)","1.03"
"7611","ハイデイ日高","東P","2719","-27.0(-0.98%)","0.40"
"7613","シークス","東P","1374","+8.0(+0.59%)","1.00"
"7614","オーエムツーネットワーク","東S","1538","-12.0(-0.77%)","0.33"
"7615","京都きもの友禅ＨＬＤＧ","東S","100","+1.0(+1.01%)","1.04"
"7616","コロワイド","東P","1868.0","+2.5(+0.13%)","0.40"
"7619","田中商事","東S","876","+8.0(+0.92%)","0.66"
"7621","うかい","東S","3320","-10.0(-0.30%)","0.29"
"7624","ＮａＩＴＯ","東S","133","-1.0(-0.75%)","0.46"
"7625","グローバルダイニング","東S","479","-2.0(-0.42%)","0.69"
"7628","オーハシテクニカ","東P","1037","-28.0(-2.63%)","0.80"
"7630","壱番屋","東P","863","-11.0(-1.26%)","0.31"
"7634","星医療酸器","東S","4865","+0.0(+0.00%)","0.23"
"7636","ハンズマン","東S","802","+0.0(+0.00%)","0.31"
"7637","白銅","東P","3285","+15.0(+0.46%)","0.78"
"7638","ＮＥＷ　ＡＲＴ　ＨＬＤＧ","東S","1368","+4.0(+0.29%)","0.67"
"7640","トップカルチャー","東S","183","-1.0(-0.54%)","0.72"
"7643","ダイイチ","東S","1675","+35.0(+2.13%)","0.50"
"7646","ＰＬＡＮＴ","東S","1781","-19.0(-1.06%)","0.57"
"7649","スギＨＬＤＧ","東P","3026.0","-55.0(-1.79%)","0.22"
"7670","オーウエル","東S","1026","+6.0(+0.59%)","0.71"
"7673","ダイコー通産","東S","1731","-4.0(-0.23%)","0.59"
"7674","ＮＡＴＴＹ　ＳＷＡＮＫＹＨＬＤ","東G","2588","+3.0(+0.12%)","0.33"
"7675","セントラルフォレストグループ","名M","-","- (-%)","0.04"
"7677","ヤシマキザイ","東S","2640","+86.0(+3.37%)","0.13"
"7678","あさくま","東S","6420","+250.0(+4.05%)","0.47"
"7679","薬王堂ＨＬＤＧ","東P","1751","-49.0(-2.72%)","0.66"
"7681","レオクラン","東S","748","-52.0(-6.50%)","0.09"
"7682","浜木綿","東S","4035","+0.0(+0.00%)","0.36"
"7683","ダブルエー","東P","1382","-1.0(-0.07%)","0.61"
"7685","ＢｕｙＳｅｌｌ　Ｔｅｃｈ","東G","3345","-105.0(-3.04%)","0.81"
"7686","ひとまいる","東S","416","+0.0(+0.00%)","0.44"
"7687","ミクリード","東G","422","+4.0(+0.96%)","0.62"
"7689","コパ・コーポレーション","東G","414","-2.0(-0.48%)","0.81"
"7692","アースインフィニティ","東S","94","+1.0(+1.08%)","1.36"
"7694","いつも","東G","563","-21.0(-3.60%)","0.73"
"7695","交換できるくん","東G","803","+48.0(+6.36%)","0.57"
"7698","アイスコ","東S","2424","-17.0(-0.70%)","0.48"
"7699","オムニ・プラス・システム","東G","731","+12.0(+1.67%)","0.46"
"7701","島津製作所","東P","3586.0","+80.0(+2.28%)","0.70"
"7702","ＪＭＳ","東S","422","-8.0(-1.86%)","0.62"
"7707","プレシジョン・システム・サイエ","東G","249","+6.0(+2.47%)","1.28"
"7709","クボテック","東S","74","-3.0(-3.90%)","0.27"
"7711","助川電気工業","東S","5310","-110.0(-2.03%)","1.50"
"7713","シグマ光機","東S","2123","+9.0(+0.43%)","0.80"
"7715","長野計器","東P","2963","-112.0(-3.64%)","1.27"
"7716","ナカニシ","東S","2950","-44.0(-1.47%)","0.79"
"7717","ブイ・テクノロジー","東P","5540","+270.0(+5.12%)","1.54"
"7719","東京衡機","東S","535","+11.0(+2.10%)","0.74"
"7721","東京計器","東P","6330","-500.0(-7.32%)","1.53"
"7722","国際計測器","東S","727","-84.0(-10.36%)","0.59"
"7723","愛知時計電機","東P","3020","-30.0(-0.98%)","0.79"
"7725","インターアクション","東P","1947","-27.0(-1.37%)","0.95"
"7726","黒田精工","東S","1170","+4.0(+0.34%)","0.94"
"7727","オーバル","東S","753","+37.0(+5.17%)","1.30"
"7729","東京精密","東P","16395.0","-120.0(-0.73%)","1.40"
"7730","マニー","東P","1686","+21.0(+1.26%)","0.72"
"7731","ニコン","東P","2085.5","-180.0(-7.95%)","0.92"
"7733","オリンパス","東P","1744.0","+24.0(+1.40%)","0.86"
"7734","理研計器","東P","3750","+30.0(+0.81%)","0.92"
"7735","ＳＣＲＥＥＮ　ＨＬＤＧ","東P","10885.0","-450.0(-3.97%)","1.40"
"7740","タムロン","東P","1035","-37.0(-3.45%)","0.98"
"7741","ＨＯＹＡ","東P","27725.0","-280.0(-1.00%)","0.94"
"7743","シード","東S","503","-2.0(-0.40%)","0.65"
"7744","ノーリツ鋼機","東P","2136","+94.0(+4.60%)","1.12"
"7745","Ａ＆ＤホロンＨＬＤＧ","東P","2708","+163.0(+6.40%)","1.42"
"7746","岡本硝子","東S","904","+150.0(+19.89%)","1.34"
"7747","朝日インテック","東P","3564.0","+170.0(+5.01%)","0.73"
"7749","メディキット","東S","2956","-15.0(-0.50%)","0.11"
"7751","キヤノン","東P","4232.0","+1.0(+0.02%)","0.82"
"7752","リコー","東P","1443.0","+21.5(+1.51%)","0.91"
"7760","ＩＭＶ","東S","2585","-79.0(-2.97%)","1.44"
"7762","シチズン時計","東P","2238","-18.0(-0.80%)","0.99"
"7769","リズム","東P","3540","-80.0(-2.21%)","0.24"
"7771","日本精密","東S","355","-55.0(-13.41%)","1.17"
"7774","ジャパン・ティッシュエンジニア","東G","594","-29.0(-4.65%)","0.80"
"7775","大研医器","東S","417","-26.0(-5.87%)","0.50"
"7776","セルシード","東G","247","-6.0(-2.37%)","1.01"
"7777","スリー・ディー・マトリックス","東G","453","-23.0(-4.83%)","1.27"
"7779","ＣＹＢＥＲＤＹＮＥ","東G","287","-22.0(-7.12%)","1.03"
"7780","メニコン","東P","1525","-35.0(-2.24%)","0.80"
"7781","平山ＨＬＤＧ","東S","1438","+8.0(+0.56%)","0.74"
"7782","シンシア","東S","425","-7.0(-1.62%)","0.41"
"7791","ドリームベッド","東S","802","+2.0(+0.25%)","0.60"
"7792","コラントッテ","東G","1468","+40.0(+2.80%)","0.73"
"7793","イメージ・マジック","東G","1533","-104.0(-6.35%)","0.72"
"7794","イーディーピー","東G","1102","-48.0(-4.17%)","1.23"
"7795","ＫＹＯＲＩＴＳＵ","東S","193","-19.0(-8.96%)","0.75"
"7800","アミファ","東S","965","-26.0(-2.62%)","0.40"
"7803","ブシロード","東G","246","-7.0(-2.77%)","1.20"
"7804","ビーアンドピー","東S","2121","+17.0(+0.81%)","0.64"
"7805","プリントネット","東S","740","-7.0(-0.94%)","0.31"
"7806","ＭＴＧ","東G","6290","-420.0(-6.26%)","0.51"
"7807","幸和製作所","東S","822","+7.0(+0.86%)","0.59"
"7808","シー・エス・ランバー","東S","2861","-57.0(-1.95%)","0.48"
"7809","壽屋","東S","1307","-23.0(-1.73%)","0.62"
"7810","クロスフォー","東S","172","+2.0(+1.18%)","0.46"
"7811","中本パックス","東S","1919","-3.0(-0.16%)","0.45"
"7812","クレステック","東S","2070","+170.0(+8.95%)","0.78"
"7813","プラッツ","東S","827","+17.0(+2.10%)","0.45"
"7814","日本創発グループ","東S","543","-3.0(-0.55%)","0.52"
"7815","東京ボード工業","東S","284","-23.0(-7.49%)","0.60"
"7818","トランザクション","東P","1155","+12.0(+1.05%)","0.19"
"7819","粧美堂","東S","873","+0.0(+0.00%)","0.65"
"7820","ニホンフラッシュ","東P","725","-40.0(-5.23%)","0.41"
"7821","前田工繊","東P","1797","-10.0(-0.55%)","0.58"
"7822","永大産業","東S","234","+3.0(+1.30%)","0.54"
"7823","アートネイチャー","東S","805","-7.0(-0.86%)","0.42"
"7826","フルヤ金属","東P","10740","+660.0(+6.55%)","1.42"
"7827","オービス","東S","1636","-30.0(-1.80%)","0.57"
"7831","ウイルコＨＬＤＧ","東S","82","-3.0(-3.53%)","0.52"
"7832","バンダイナムコＨＬＤＧ","東P","3623.0","-86.0(-2.32%)","0.72"
"7833","アイフィスジャパン","東S","650","+1.0(+0.15%)","0.33"
"7836","アビックス","東S","83","-5.0(-5.68%)","0.97"
"7837","アールシーコア","東S","317","+0.0(+0.00%)","0.39"
"7839","ＳＨＯＥＩ","東P","1764","-30.0(-1.67%)","0.60"
"7840","フランスベッドＨＬＤＧ","東P","1243","-43.0(-3.34%)","0.36"
"7841","遠藤製作所","東S","1060","-16.0(-1.49%)","0.86"
"7844","マーベラス","東P","469","+24.0(+5.39%)","0.89"
"7846","パイロットコーポレーション","東P","4672.0","+8.0(+0.17%)","0.52"
"7847","グラファイトデザイン","東S","613","-20.0(-3.16%)","0.54"
"7849","スターツ出版","東S","3590","-10.0(-0.28%)","0.38"
"7850","総合商研","東S","817","+2.0(+0.25%)","0.30"
"7851","カワセコンピュータサプライ","東S","164","-3.0(-1.80%)","0.96"
"7856","萩原工業","東P","1701","-16.0(-0.93%)","0.63"
"7857","セキ","東S","1324","-26.0(-1.93%)","0.06"
"7859","アルメディオ","東S","285","-9.0(-3.06%)","1.13"
"7860","エイベックス","東P","1179","+1.0(+0.08%)","0.47"
"7863","平賀","東S","963","-7.0(-0.72%)","0.37"
"7864","フジシールインターナショナル","東P","2622","-44.0(-1.65%)","0.72"
"7865","ピープル","東S","395","+0.0(+0.00%)","0.37"
"7867","タカラトミー","東P","2750.0","-39.5(-1.42%)","0.82"
"7868","広済堂ＨＬＤＧ","東P","655","+22.0(+3.48%)","0.79"
"7870","福島印刷","名M","388","-3.0(-0.77%)","0.27"
"7871","フクビ化学工業","東S","920","-3.0(-0.33%)","0.64"
"7872","エステールＨＬＤＧ","東S","601","+9.0(+1.52%)","0.30"
"7874","レック","東P","946","-89.0(-8.60%)","0.68"
"7875","竹田ｉＰＨＬＤＧ","東S","680","-19.0(-2.72%)","0.59"
"7877","永大化工","東S","2014","+29.0(+1.46%)","0.18"
"7878","光・彩","東S","889","+11.0(+1.25%)","0.64"
"7879","ノダ","東S","671","-2.0(-0.30%)","0.48"
"7883","サンメッセ","東S","368","-3.0(-0.81%)","0.22"
"7885","タカノ","東S","1025","-28.0(-2.66%)","0.78"
"7886","ヤマト　モビリティ　＆　Ｍｆｇ","東S","551","-27.0(-4.67%)","0.75"
"7887","南海プライウッド","東S","1517","-293.0(-16.19%)","0.55"
"7888","三光合成","東P","841","+1.0(+0.12%)","1.15"
"7893","プロネクサス","東P","1090","-6.0(-0.55%)","0.65"
"7894","丸東産業","福","-","- (-%)","0.14"
"7896","セブン工業","東S","502","+2.0(+0.40%)","0.29"
"7897","ホクシン","東S","101","+0.0(+0.00%)","0.60"
"7898","ウッドワン","東S","866","-1.0(-0.12%)","0.86"
"7901","マツモト","東S","922","+7.0(+0.77%)","0.94"
"7902","ソノコム","東S","1155","-83.0(-6.70%)","0.63"
"7906","ヨネックス","東S","2488","-59.0(-2.32%)","0.79"
"7908","きもと","東S","222","+0.0(+0.00%)","1.14"
"7911","ＴＯＰＰＡＮＨＬＤＧ","東P","4513.0","+33.0(+0.74%)","1.08"
"7912","大日本印刷","東P","2815.5","-94.5(-3.25%)","0.85"
"7914","共同印刷","東P","1481","-21.0(-1.40%)","0.74"
"7915","ＮＩＳＳＨＡ","東P","1575","+20.0(+1.29%)","1.06"
"7916","光村印刷","東S","1767","-41.0(-2.27%)","0.38"
"7917","ＺＡＣＲＯＳ","東P","1250","-28.0(-2.19%)","0.76"
"7918","ヴィアＨＬＤＧ","東S","104","-1.0(-0.95%)","0.63"
"7919","野崎印刷紙業","東S","189","-5.0(-2.58%)","0.53"
"7921","ＴＡＫＡＲＡ＆ＣＯＭＰＡＮＹ","東P","3280","-55.0(-1.65%)","0.60"
"7922","三光産業","東S","719","-1.0(-0.14%)","0.57"
"7925","前澤化成工業","東P","1760","-72.0(-3.93%)","0.69"
"7927","ムトー精工","東S","2267","-7.0(-0.31%)","1.08"
"7928","旭化学工業","東S","608","+0.0(+0.00%)","0.24"
"7931","未来工業","東P","2964","-106.0(-3.45%)","0.78"
"7932","ニッピ","東S","12150","+850.0(+7.52%)","0.78"
"7936","アシックス","東P","4436.0","-70.0(-1.55%)","1.20"
"7937","ツツミ","東S","2900","+45.0(+1.58%)","0.56"
"7938","リーガルコーポレーション","東S","2102","-31.0(-1.45%)","0.42"
"7939","研創","東S","556","-5.0(-0.89%)","0.21"
"7940","ウェーブロックＨＬＤＧ","東S","1045","+10.0(+0.97%)","0.55"
"7942","ＪＳＰ","東P","2551","-34.0(-1.32%)","0.89"
"7943","ニチハ","東P","2934","-48.0(-1.61%)","0.60"
"7944","ローランド","東P","4610","-20.0(-0.43%)","0.79"
"7946","光陽社","東S","350","-6.0(-1.69%)","0.28"
"7947","エフピコ","東P","2307","-34.0(-1.45%)","0.33"
"7949","小松ウオール工業","東P","2452","-51.0(-2.04%)","0.72"
"7950","日本デコラックス","名M","8650","+0.0(+0.00%)","0.08"
"7951","ヤマハ","東P","1118.5","-16.5(-1.45%)","0.95"
"7952","河合楽器製作所","東P","3080","-40.0(-1.28%)","0.55"
"7953","菊水化学工業","東S","384","-1.0(-0.26%)","0.43"
"7955","クリナップ","東P","894","+5.0(+0.56%)","0.61"
"7956","ピジョン","東P","1879.5","+24.5(+1.32%)","0.45"
"7957","フジコピアン","東S","1691","+300.0(+21.57%)","0.08"
"7962","キングジム","東P","791","-3.0(-0.38%)","0.36"
"7963","興研","東S","1889","-2.0(-0.11%)","0.30"
"7965","象印マホービン","東P","1635","-9.0(-0.55%)","0.51"
"7966","リンテック","東P","5270","-110.0(-2.04%)","1.12"
"7970","信越ポリマー","東P","2249","-49.0(-2.13%)","0.99"
"7971","東リ","東S","610","-7.0(-1.13%)","0.75"
"7972","イトーキ","東P","2698","-17.0(-0.63%)","0.99"
"7974","任天堂","東P","7182.0","+31.0(+0.43%)","0.95"
"7975","リヒトラブ","東S","1189","-11.0(-0.92%)","0.44"
"7976","三菱鉛筆","東P","2539","-20.0(-0.78%)","0.60"
"7979","松風","東P","1764","+41.0(+2.38%)","0.85"
"7980","重松製作所","東S","934","-76.0(-7.52%)","0.38"
"7981","タカラスタンダード","東P","2908","-82.0(-2.74%)","0.69"
"7983","ミロク","東S","1125","+16.0(+1.44%)","0.58"
"7984","コクヨ","東P","796.2","-7.6(-0.95%)","0.66"
"7985","ネポン","東S","850","-4.0(-0.47%)","0.39"
"7986","日本アイ・エス・ケイ","東S","1907","-3.0(-0.16%)","0.45"
"7987","ナカバヤシ","東S","558","-4.0(-0.71%)","0.60"
"7988","ニフコ","東P","4535.0","-2.0(-0.04%)","0.90"
"7989","立川ブラインド工業","東P","2493","-42.0(-1.66%)","0.67"
"7990","グローブライド","東P","2562","+81.0(+3.26%)","0.69"
"7991","マミヤ・オーピー","東S","1158","-25.0(-2.11%)","0.89"
"7992","セーラー万年筆","東S","106","-1.0(-0.93%)","0.56"
"7994","オカムラ","東P","2319","-1.0(-0.04%)","0.85"
"7995","バルカー","東P","7020","+830.0(+13.41%)","1.04"
"7997","くろがね工作所","東S","990","+2.0(+0.20%)","0.76"
"7999","ＭＵＴＯＨ　ＨＬＤＧ","東S","7580","+10.0(+0.13%)","0.75"
"8001","伊藤忠商事","東P","1993.0","-66.0(-3.21%)","1.04"
"8002","丸紅","東P","5638.0","-218.0(-3.72%)","1.29"
"8005","スクロール","東P","1649","+31.0(+1.92%)","0.61"
"8006","ユアサ・フナショク","東S","1445","-106.0(-6.83%)","0.29"
"8007","高島","東P","754","-10.0(-1.31%)","0.72"
"8008","ヨンドシーＨＬＤＧ","東P","1809","-5.0(-0.28%)","0.40"
"8011","三陽商会","東P","3725","-100.0(-2.61%)","0.75"
"8012","長瀬産業","東P","1133.5","-25.5(-2.20%)","1.03"
"8013","ナイガイ","東S","337","-1.0(-0.30%)","0.32"
"8014","蝶理","東P","4185","-105.0(-2.45%)","0.91"
"8015","豊田通商","東P","7064.0","-323.0(-4.37%)","1.32"
"8016","オンワードＨＬＤＧ","東P","725","-14.0(-1.89%)","0.68"
"8018","三共生興","東S","844","+11.0(+1.32%)","0.98"
"8020","兼松","東P","2254.0","-49.0(-2.13%)","0.98"
"8022","美津濃","東P","3315","-85.0(-2.50%)","1.05"
"8023","ＤＡＩＫＯ　ＸＴＥＣＨ","東S","905","+29.0(+3.31%)","0.79"
"8025","ツカモトコーポレーション","東S","1200","+0.0(+0.00%)","0.27"
"8029","ルックＨＬＤＧ","東S","2590","+6.0(+0.23%)","0.48"
"8030","中央魚類","東S","3420","-355.0(-9.40%)","0.44"
"8031","三井物産","東P","5883.0","-223.0(-3.65%)","1.21"
"8032","日本紙パルプ商事","東P","1213","-6.0(-0.49%)","0.90"
"8035","東京エレクトロン","東P","49260.0","-1,030.0(-2.05%)","1.49"
"8037","カメイ","東P","3410","+75.0(+2.25%)","0.99"
"8039","築地魚市場","東S","3985","-35.0(-0.87%)","0.39"
"8040","東京ソワール","東S","1038","-8.0(-0.76%)","0.40"
"8041","ＯＵＧ　ＨＬＤＧ","東S","3990","-95.0(-2.33%)","0.46"
"8043","スターゼン","東P","1118","-30.0(-2.61%)","0.54"
"8045","横浜丸魚","東S","1600","+0.0(+0.00%)","0.49"
"8046","丸藤シートパイル","東S","855","-22.0(-2.51%)","0.57"
"8050","セイコーグループ","東P","6390","-110.0(-1.69%)","1.27"
"8051","山善","東P","1764","+29.0(+1.67%)","0.46"
"8052","椿本興業","東P","2648","-46.0(-1.71%)","0.62"
"8053","住友商事","東P","7257.0","-253.0(-3.37%)","1.21"
"8056","ＢＩＰＲＯＧＹ","東P","4663.0","+79.0(+1.72%)","0.69"
"8057","内田洋行","東P","2056","-10.0(-0.48%)","0.73"
"8058","三菱商事","東P","5500.0","-349.0(-5.97%)","1.05"
"8059","第一実業","東P","2915","-40.0(-1.35%)","0.95"
"8060","キヤノンマーケティングジャパン","東P","3843.0","+64.0(+1.69%)","0.68"
"8061","西華産業","東P","3270","-90.0(-2.68%)","1.13"
"8065","佐藤商事","東P","3140","+20.0(+0.64%)","0.90"
"8066","三谷商事","東S","2708","-10.0(-0.37%)","0.75"
"8070","東京産業","東P","803","-22.0(-2.67%)","0.81"
"8071","東海エレクトロニクス","名M","2813","-32.0(-1.12%)","0.44"
"8074","ＹＵＡＳＡ","東P","5660","-20.0(-0.35%)","0.76"
"8075","神鋼商事","東P","2347","-54.0(-2.25%)","1.02"
"8076","カノークス","東S","2008","+22.0(+1.11%)","0.64"
"8077","トルク","東S","208","+2.0(+0.97%)","0.59"
"8078","阪和興業","東P","1715","-37.0(-2.11%)","1.05"
"8079","正栄食品工業","東P","3970","-40.0(-1.00%)","0.40"
"8081","カナデン","東P","2580","-66.0(-2.49%)","0.79"
"8084","ＲＹＯＤＥＮ","東P","3590","+15.0(+0.42%)","0.86"
"8085","ナラサキ産業","東S","4030","-105.0(-2.54%)","0.63"
"8086","ニプロ","東P","1608.0","-13.5(-0.83%)","0.45"
"8088","岩谷産業","東P","2083.5","-29.5(-1.40%)","1.09"
"8089","ナイス","東S","1831","-57.0(-3.02%)","0.46"
"8091","ニチモウ","東P","2158","-151.0(-6.54%)","0.67"
"8093","極東貿易","東P","1842","-48.0(-2.54%)","0.95"
"8095","アステナＨＬＤＧ","東P","481","+1.0(+0.21%)","0.90"
"8097","三愛オブリ","東P","2153","+5.0(+0.23%)","0.63"
"8098","稲畑産業","東P","3955","-65.0(-1.62%)","0.66"
"8101","ＧＳＩクレオス","東P","2296","-1.0(-0.04%)","0.84"
"8103","明和産業","東P","889","-8.0(-0.89%)","0.67"
"8104","クワザワＨＬＤＧ","東S","607","+36.0(+6.30%)","0.91"
"8105","Ｂｉｔｃｏｉｎ　Ｊａｐａｎ","東S","106","-15.0(-12.40%)","0.88"
"8107","キムラタン","東S","33","+0.0(+0.00%)","0.63"
"8111","ゴールドウイン","東P","2137.0","-61.0(-2.78%)","0.73"
"8113","ユニ・チャーム","東P","932.4","-3.6(-0.38%)","0.28"
"8115","ムーンバット","東S","1584","+113.0(+7.68%)","0.59"
"8117","中央自動車工業","東S","1944","-40.0(-2.02%)","0.65"
"8118","キング","東S","1085","-41.0(-3.64%)","0.42"
"8119","三栄コーポレーション","東S","768","+4.0(+0.52%)","0.47"
"8123","川辺","東S","1330","+9.0(+0.68%)","0.37"
"8125","ワキタ","東P","1761","-44.0(-2.44%)","0.62"
"8127","ヤマトインターナショナル","東S","587","+3.0(+0.51%)","0.50"
"8129","東邦ＨＬＤＧ","東P","4224.0","+60.0(+1.44%)","0.56"
"8130","サンゲツ","東P","2971","-34.0(-1.13%)","0.43"
"8131","ミツウロコグループＨＬＤＧ","東S","1835","-35.0(-1.87%)","0.65"
"8132","シナネンＨＬＤＧ","東P","8610","+630.0(+7.89%)","0.68"
"8133","伊藤忠エネクス","東P","2008","-41.0(-2.00%)","0.64"
"8135","ゼット","東S","410","+1.0(+0.24%)","0.71"
"8136","サンリオ","東P","839.0","-16.4(-1.92%)","0.89"
"8137","サンワテクノス","東P","3735","+55.0(+1.49%)","0.78"
"8138","三京化成","東S","-","- (-%)","0.39"
"8139","ナガホリ","東S","2738","+75.0(+2.82%)","0.10"
"8141","新光商事","東P","1595","+70.0(+4.59%)","0.61"
"8142","トーホー","東P","1331","+5.0(+0.38%)","0.98"
"8143","ラピーヌ","東S","174","-1.0(-0.57%)","0.46"
"8144","デンキョーグループＨＬＤＧ","東S","1311","-43.0(-3.18%)","0.38"
"8145","中部水産","名M","3005","-115.0(-3.69%)","0.27"
"8147","トミタ","東S","1304","-87.0(-6.25%)","0.42"
"8150","三信電気","東P","2759","+162.0(+6.24%)","0.73"
"8151","東陽テクニカ","東P","1874","+40.0(+2.18%)","0.82"
"8152","ソマール","東S","6380","+1,000.0(+18.59%)","1.02"
"8153","モスフードサービス","東P","3675","-215.0(-5.53%)","0.26"
"8154","加賀電子","東P","4300","+100.0(+2.38%)","0.97"
"8157","都築電気","東P","4000","+50.0(+1.27%)","0.97"
"8158","ソーダニッカ","東P","1072","-2.0(-0.19%)","0.83"
"8159","立花エレテック","東P","3080","-5.0(-0.16%)","0.97"
"8160","木曽路","東P","2283","-45.0(-1.93%)","0.36"
"8163","ＳＲＳ　ＨＬＤＧ","東P","1203","+13.0(+1.09%)","0.42"
"8165","千趣会","東S","122","-3.0(-2.40%)","0.52"
"8166","タカキュー","東S","78","-1.0(-1.27%)","0.66"
"8167","リテールパートナーズ","東P","1325","-5.0(-0.38%)","0.68"
"8173","Ｊｏｓｈｉｎ","東P","2983","+8.0(+0.27%)","0.36"
"8174","日本瓦斯","東P","2730.0","+1.0(+0.04%)","0.38"
"8179","ロイヤルＨＬＤＧ","東P","1281","-36.0(-2.73%)","0.44"
"8181","東天紅","東S","1014","+13.0(+1.30%)","0.39"
"8185","チヨダ","東P","931","-8.0(-0.85%)","0.68"
"8190","ヤマナカ","名M","520","+0.0(+0.00%)","0.17"
"8194","ライフコーポレーション","東P","2505","-32.0(-1.26%)","0.42"
"8198","マックスバリュ東海","東S","3445","-50.0(-1.43%)","0.29"
"8200","リンガーハット","東P","2108","-44.0(-2.04%)","0.20"
"8202","ラオックスＨＬＤＧ","東S","148","+1.0(+0.68%)","0.83"
"8203","ＭｒＭａｘＨＤ","東P","701","-6.0(-0.85%)","0.58"
"8207","テンアライド","東S","281","-1.0(-0.35%)","0.39"
"8214","ＡＯＫＩ　ＨＬＤＧ","東P","1672","+24.0(+1.46%)","0.68"
"8217","オークワ","東P","783","+1.0(+0.13%)","0.22"
"8218","コメリ","東P","3465","-40.0(-1.14%)","0.51"
"8219","青山商事","東P","702","-12.0(-1.68%)","0.69"
"8225","タカチホ","東S","3330","-70.0(-2.06%)","0.63"
"8226","理経","東S","400","-10.0(-2.44%)","1.32"
"8227","しまむら","東P","3210.0","-2.0(-0.06%)","0.35"
"8228","マルイチ産商","名M","1150","+2.0(+0.17%)","0.21"
"8230","はせがわ","東S","317","+0.0(+0.00%)","0.37"
"8233","高島屋","東P","1951.5","-14.5(-0.74%)","0.90"
"8237","松屋","東P","1392","-133.0(-8.72%)","0.96"
"8242","エイチ・ツー・オー　リテイリン","東P","2523.5","+6.5(+0.26%)","0.94"
"8244","近鉄百貨店","東S","1680","-19.0(-1.12%)","0.46"
"8247","大和","東S","222","-37.0(-14.29%)","0.12"
"8252","丸井グループ","東P","2761.5","-257.5(-8.53%)","0.53"
"8253","クレディセゾン","東P","4248.0","-68.0(-1.58%)","1.12"
"8254","さいか屋","東S","220","+4.0(+1.85%)","0.28"
"8255","アクシアル　リテイリング","東P","1040","-9.0(-0.86%)","0.24"
"8260","井筒屋","東S","430","-3.0(-0.69%)","0.40"
"8267","イオン","東P","1421.0","-76.5(-5.11%)","0.36"
"8273","イズミ","東P","956","-24.0(-2.45%)","0.37"
"8275","フォーバル","東S","1081","+38.0(+3.64%)","0.93"
"8276","平和堂","東P","2613","-40.0(-1.51%)","0.38"
"8278","フジ","東P","2080","-15.0(-0.72%)","0.28"
"8281","ゼビオＨＬＤＧ","東P","1021","+21.0(+2.10%)","0.48"
"8282","ケーズＨＬＤＧ","東P","2020.0","-41.5(-2.01%)","0.39"
"8283","ＰＡＬＴＡＣ","東P","6630.0","-1.0(-0.02%)","0.57"
"8285","三谷産業","東S","684","-11.0(-1.58%)","0.64"
"8289","Ｏｌｙｍｐｉｃグループ","東S","1026","+22.0(+2.19%)","0.45"
"8291","日産東京販売ＨＬＤＧ","東S","553","+7.0(+1.28%)","0.75"
"8301","日本銀行　出資証券","東優","24160","+0.0(+0.00%)","0.34"
"8304","あおぞら銀行","東P","2665.5","-54.5(-2.00%)","0.71"
"8306","三菱ＵＦＪ　ＦＧ","東P","2995.0","+66.0(+2.25%)","1.31"
"8308","りそなＨＬＤＧ","東P","2020.0","-22.0(-1.08%)","1.36"
"8309","三井住友トラストグループ","東P","5464.0","-159.0(-2.83%)","1.17"
"8316","三井住友ＦＧ","東P","5732.0","+30.0(+0.53%)","1.21"
"8331","千葉銀行","東P","2275.0","-5.0(-0.22%)","1.39"
"8334","群馬銀行","東P","2238.0","+6.0(+0.27%)","1.17"
"8336","武蔵野銀行","東P","2465","+27.0(+1.11%)","1.18"
"8337","千葉興業銀行","東P","2253","+7.0(+0.31%)","1.42"
"8338","筑波銀行","東P","611","-13.0(-2.08%)","1.62"
"8341","七十七銀行","東P","3141.0","+0.0(+0.00%)","1.18"
"8343","秋田銀行","東P","5920","+130.0(+2.25%)","1.12"
"8344","山形銀行","東P","2876","+221.0(+8.32%)","1.04"
"8345","岩手銀行","東P","1888","+11.0(+0.59%)","1.23"
"8346","東邦銀行","東P","727","+22.0(+3.12%)","1.25"
"8349","東北銀行","東S","1433","+2.0(+0.14%)","0.84"
"8354","ふくおかＦＧ","東P","6494.0","-118.0(-1.78%)","1.23"
"8358","スルガ銀行","東P","2303","-33.0(-1.41%)","1.13"
"8359","八十二長野銀行","東P","2215.5","-172.5(-7.22%)","1.15"
"8360","山梨中央銀行","東P","5880","-110.0(-1.84%)","1.43"
"8361","大垣共立銀行","東P","7500","+90.0(+1.21%)","1.23"
"8362","福井銀行","東P","4430","-20.0(-0.45%)","1.22"
"8364","清水銀行","東P","2512","-133.0(-5.03%)","0.91"
"8365","富山銀行","東S","2079","-23.0(-1.09%)","0.66"
"8366","滋賀銀行","東P","2067","+11.0(+0.54%)","1.15"
"8367","南都銀行","東P","1627","-28.0(-1.69%)","1.06"
"8368","百五銀行","東P","1940","-13.0(-0.67%)","1.30"
"8370","紀陽銀行","東P","4330","-75.0(-1.70%)","0.96"
"8377","ほくほくＦＧ","東P","6353.0","-101.0(-1.56%)","1.39"
"8381","山陰合同銀行","東P","1979","+10.0(+0.51%)","1.19"
"8383","鳥取銀行","東S","1544","-106.0(-6.42%)","0.54"
"8386","百十四銀行","東P","2464","-3.0(-0.12%)","1.23"
"8387","四国銀行","東P","2674","-20.0(-0.74%)","1.09"
"8388","阿波銀行","東P","6850","+130.0(+1.93%)","1.10"
"8392","大分銀行","東P","2219","+10.0(+0.45%)","1.28"
"8393","宮崎銀行","東P","1990","-6.0(-0.30%)","1.32"
"8395","佐賀銀行","東P","5230","+10.0(+0.19%)","1.33"
"8398","筑邦銀行","福","1900","-20.0(-1.04%)","0.48"
"8399","琉球銀行","東P","2508","-69.0(-2.68%)","1.07"
"8410","セブン銀行","東P","268.3","-3.8(-1.40%)","0.57"
"8411","みずほＦＧ","東P","6525.0","-387.0(-5.60%)","1.45"
"8416","高知銀行","東S","1212","-6.0(-0.49%)","0.97"
"8418","山口ＦＧ","東P","2789.5","-23.5(-0.84%)","1.20"
"8421","信金中央金庫　優先出資証券","東優","187700","-500.0(-0.27%)","0.20"
"8424","芙蓉総合リース","東P","4315.0","-63.0(-1.44%)","0.70"
"8425","みずほリース","東P","1357","-3.0(-0.22%)","0.80"
"8439","東京センチュリー","東P","2280.5","-13.5(-0.59%)","0.81"
"8473","ＳＢＩ　ＨＬＤＧ","東P","3067.0","-32.0(-1.03%)","1.32"
"8508","Ｊトラスト","東S","735","+27.0(+3.81%)","1.09"
"8511","日本証券金融","東P","2303","-1.0(-0.04%)","0.79"
"8518","日本アジア投資","東S","145","-4.0(-2.68%)","1.23"
"8522","名古屋銀行","東P","6180","+30.0(+0.49%)","1.49"
"8524","北洋銀行","東P","979","-16.0(-1.61%)","1.29"
"8537","大光銀行","東S","2839","+99.0(+3.61%)","1.11"
"8541","愛媛銀行","東P","1887","-26.0(-1.36%)","0.98"
"8542","トマト銀行","東S","1519","-1.0(-0.07%)","0.76"
"8544","京葉銀行","東P","2362","-6.0(-0.25%)","1.29"
"8550","栃木銀行","東P","921","-16.0(-1.71%)","1.36"
"8551","北日本銀行","東P","5250","+10.0(+0.19%)","1.21"
"8554","南日本銀行","福","1267","-32.0(-2.46%)","0.75"
"8558","東和銀行","東P","1189","-12.0(-1.00%)","1.14"
"8559","豊和銀行","福","479","+10.0(+2.13%)","0.30"
"8560","宮崎太陽銀行","福","2221","-31.0(-1.38%)","0.72"
"8562","福島銀行","東S","354","-3.0(-0.84%)","1.05"
"8563","大東銀行","東S","1010","+20.0(+2.02%)","0.89"
"8566","リコーリース","東P","6180","-120.0(-1.90%)","0.64"
"8570","イオンフィナンシャルサービス","東P","1583.5","+23.5(+1.51%)","0.77"
"8572","アコム","東S","456.9","-7.4(-1.59%)","0.80"
"8584","ジャックス","東P","3495","-280.0(-7.42%)","0.87"
"8585","オリエントコーポレーション","東P","856","-135.0(-13.62%)","0.73"
"8591","オリックス","東P","5778.0","+6.0(+0.10%)","1.17"
"8593","三菱ＨＣキャピタル","東P","1336.5","-89.5(-6.28%)","0.77"
"8594","中道リース","札","701","+2.0(+0.29%)","0.39"
"8595","ジャフコ　グループ","東P","2236.5","-6.0(-0.27%)","0.45"
"8596","九州リースサービス","東S","1455","+12.0(+0.83%)","0.88"
"8600","トモニＨＬＤＧ","東P","866","-12.0(-1.37%)","1.07"
"8601","大和証券グループ本社","東P","1467.0","-15.5(-1.05%)","1.26"
"8604","野村ＨＬＤＧ","東P","1248.0","-25.0(-1.96%)","1.46"
"8609","岡三証券グループ","東P","920","-10.0(-1.08%)","1.13"
"8613","丸三証券","東P","1033","-30.0(-2.82%)","0.90"
"8614","東洋証券","東P","623","-11.0(-1.74%)","0.94"
"8616","東海東京フィナンシャルＨＬＤＧ","東P","700","-10.0(-1.41%)","1.03"
"8617","光世証券","東S","517","-4.0(-0.77%)","0.74"
"8622","水戸証券","東P","644","-8.0(-1.23%)","1.11"
"8624","いちよし証券","東P","1254","-30.0(-2.34%)","1.16"
"8628","松井証券","東P","910","-18.0(-1.94%)","0.56"
"8630","ＳＯＭＰＯ　ＨＬＤＧ","東P","6134.0","+34.0(+0.56%)","1.21"
"8697","日本取引所グループ","東P","1747.5","-20.0(-1.13%)","0.95"
"8698","マネックスグループ","東P","657","-9.0(-1.35%)","1.05"
"8699","ＨＳＨＬＤＧ","東S","1151","+18.0(+1.59%)","0.37"
"8700","丸八証券","東S","1736","-9.0(-0.52%)","0.41"
"8704","トレイダーズＨＬＤＧ","東S","1146","-23.0(-1.97%)","1.23"
"8705","日産証券グループ","東S","242","-5.0(-2.02%)","0.93"
"8706","極東証券","東P","1548","-19.0(-1.21%)","1.05"
"8707","岩井コスモＨＬＤＧ","東P","3605","-35.0(-0.96%)","1.16"
"8708","アイザワ証券グループ","東P","1462","-17.0(-1.15%)","0.97"
"8713","フィデアＨＬＤＧ","東P","1916","-28.0(-1.44%)","1.00"
"8714","池田泉州ＨＬＤＧ","東P","937","-18.0(-1.88%)","1.19"
"8715","アニコムＨＤ","東P","1295","-45.0(-3.36%)","0.77"
"8725","ＭＳ＆ＡＤインシュアランスＨＤ","東P","4420.0","+29.0(+0.66%)","1.21"
"8737","あかつき本社","東S","615","-2.0(-0.32%)","0.74"
"8739","スパークス・グループ","東P","2131","-6.0(-0.28%)","0.97"
"8742","小林洋行","東S","552","+12.0(+2.22%)","0.57"
"8746","ｕｎｂａｎｋｅｄ","東S","239","-7.0(-2.85%)","1.37"
"8747","豊トラスティ証券","東S","2355","-56.0(-2.32%)","0.81"
"8750","第一ライフグループ","東P","1615.0","-3.0(-0.19%)","1.26"
"8766","東京海上ＨＬＤＧ","東P","7627.0","+59.0(+0.78%)","1.43"
"8769","アドバンテッジリスクマネジメン","東S","511","+33.0(+6.90%)","0.84"
"8771","イー・ギャランティ","東P","1729","+62.0(+3.72%)","0.79"
"8772","アサックス","東S","833","-35.0(-4.03%)","0.56"
"8783","ａｂｃ","東S","118","-8.0(-6.35%)","1.01"
"8789","フィンテック　グローバル","東S","134","-1.0(-0.74%)","1.25"
"8793","ＮＥＣキャピタルソリューション","東P","3910","-65.0(-1.64%)","0.85"
"8795","Ｔ＆Ｄ　ＨＬＤＧ","東P","4001.0","+52.0(+1.32%)","1.26"
"8798","アドバンスクリエイト","東P","141","+0.0(+0.00%)","0.89"
"8801","三井不動産","東P","1498.0","-41.5(-2.70%)","0.94"
"8802","三菱地所","東P","3993.0","-144.0(-3.48%)","0.92"
"8803","平和不動産","東P","2340","-73.0(-3.03%)","0.53"
"8804","東京建物","東P","3105.0","-193.0(-5.85%)","0.98"
"8818","京阪神ビルディング","東P","2192","-44.0(-1.97%)","0.67"
"8830","住友不動産","東P","3981.0","-251.0(-5.93%)","1.09"
"8835","太平洋興発","東S","821","-15.0(-1.79%)","0.20"
"8836","ＲＩＳＥ","東S","24","-5.0(-17.24%)","0.46"
"8841","テーオーシー","東S","1000","-19.0(-1.86%)","0.78"
"8844","コスモスイニシア","東S","1264","+16.0(+1.28%)","0.96"
"8848","レオパレス２１","東P","623","-19.0(-2.96%)","0.89"
"8850","スターツコーポレーション","東P","4690","-165.0(-3.40%)","0.66"
"8860","フジ住宅","東P","760","+25.0(+3.40%)","0.70"
"8864","空港施設","東S","906","-7.0(-0.77%)","0.56"
"8869","明和地所","東S","801","-38.0(-4.53%)","0.79"
"8871","ゴールドクレスト","東S","3700","+50.0(+1.37%)","0.41"
"8876","リログループ","東P","1961.0","-73.5(-3.61%)","0.65"
"8877","エスリード","東P","5030","-140.0(-2.71%)","0.90"
"8881","日神グループＨＬＤＧ","東P","658","-4.0(-0.60%)","0.77"
"8887","シーラＨＬＤＧ","東S","359","-6.0(-1.64%)","0.71"
"8891","ＡＭＧＨＬＤＧ","東S","1754","+11.0(+0.63%)","0.96"
"8892","エスコン","東P","1121","-4.0(-0.36%)","0.60"
"8894","ＲＥＶＯＬＵＴＩＯＮ","東S","33","+0.0(+0.00%)","1.09"
"8897","ＭＩＲＡＲＴＨＨＬＤＧ","東P","420","+26.0(+6.60%)","0.74"
"8898","センチュリー２１・ジャパン","東S","1125","+4.0(+0.36%)","0.21"
"8904","ＡＶＡＮＴＩＡ","東S","815","+0.0(+0.00%)","0.42"
"8908","毎日コムネット","東S","915","+5.0(+0.55%)","0.54"
"8912","エリアクエスト","東S","177","+2.0(+1.14%)","0.28"
"8914","エリアリンク","東S","936","-16.0(-1.68%)","0.72"
"8917","ファースト住建","東S","1030","-25.0(-2.37%)","0.56"
"8918","ランド","東S","10","+0.0(+0.00%)","0.34"
"8919","カチタス","東P","3600","+20.0(+0.56%)","0.69"
"8920","東祥","東S","781","+16.0(+2.09%)","1.05"
"8923","トーセイ","東P","1545","-38.0(-2.40%)","0.81"
"8927","明豊エンタープライズ","東S","434","-2.0(-0.46%)","0.88"
"8928","穴吹興産","東S","2456","-41.0(-1.64%)","0.57"
"8929","青山財産ネットワークス","東S","1463","+80.0(+5.78%)","0.62"
"8931","和田興産","東S","1243","-27.0(-2.13%)","0.70"
"8934","サンフロンティア不動産","東P","2402","-65.0(-2.63%)","0.87"
"8935","ＦＪネクストＨＬＤＧ","東P","1727","+24.0(+1.41%)","0.59"
"8938","グロームＨＬＤＧ","東G","326","+10.0(+3.16%)","0.87"
"8944","ランドビジネス","東S","278","+39.0(+16.32%)","0.77"
"8945","サンネクスタグループ","東S","1175","+34.0(+2.98%)","0.31"
"8946","ＡＳＩＡＮ　ＳＴＡＲ","東S","74","-3.0(-3.90%)","0.77"
"8951","日本ビルファンド投資法人","東REIT","122400","-3,600.0(-2.86%)","0.20"
"8952","ジャパンリアルエステイト投資法","東REIT","113200","-2,900.0(-2.50%)","0.25"
"8953","日本都市ファンド投資法人","東REIT","112900","-700.0(-0.62%)","0.25"
"8954","オリックス不動産投資法人","東REIT","96000","-1,000.0(-1.03%)","0.25"
"8955","日本プライムリアルティ投資法人","東REIT","95500","-1,600.0(-1.65%)","0.27"
"8956","ＮＴＴ都市開発リート投資法人","東REIT","132400","-1,500.0(-1.12%)","0.23"
"8957","東急リアル・エステート投資法人","東REIT","186000","-2,700.0(-1.43%)","0.26"
"8958","グローバル・ワン不動産投資法人","東REIT","115900","-1,300.0(-1.11%)","0.30"
"8960","ユナイテッド・アーバン投資法人","東REIT","167900","-2,100.0(-1.24%)","0.32"
"8961","森トラストリート投資法人","東REIT","73400","-600.0(-0.81%)","0.25"
"8963","インヴィンシブル投資法人","東REIT","60000","-800.0(-1.32%)","0.49"
"8964","フロンティア不動産投資法人","東REIT","82900","-1,000.0(-1.19%)","0.23"
"8966","平和不動産リート投資法人","東REIT","140500","-1,500.0(-1.06%)","0.30"
"8967","日本ロジスティクスファンド投資","東REIT","91800","-900.0(-0.97%)","0.26"
"8968","福岡リート投資法人","東REIT","172900","-2,000.0(-1.14%)","0.28"
"8972","ＫＤＸ不動産投資法人","東REIT","157900","-2,100.0(-1.31%)","0.25"
"8975","いちごオフィスリート投資法人","東REIT","86000","-1,500.0(-1.71%)","0.30"
"8976","大和証券オフィス投資法人","東REIT","323500","-6,000.0(-1.82%)","0.25"
"8977","阪急阪神リート投資法人","東REIT","148200","-400.0(-0.27%)","0.27"
"8979","スターツプロシード投資法人","東REIT","187800","-1,400.0(-0.74%)","0.26"
"8984","大和ハウスリート投資法人","東REIT","121500","-1,800.0(-1.46%)","0.20"
"8985","ジャパン・ホテル・リート投資法","東REIT","75600","-800.0(-1.05%)","0.47"
"8986","大和証券リビング投資法人","東REIT","104000","-1,300.0(-1.23%)","0.30"
"8987","ジャパンエクセレント投資法人","東REIT","139100","-2,600.0(-1.83%)","0.27"
"8995","誠建設工業","東S","914","-4.0(-0.44%)","0.48"
"8996","ハウスフリーダム","東S","1007","-3.0(-0.30%)","0.33"
"8999","グランディハウス","東P","527","-7.0(-1.31%)","0.63"
"9001","東武鉄道","東P","2825.0","-3.5(-0.12%)","0.51"
"9003","相鉄ＨＬＤＧ","東P","2688.0","-37.0(-1.36%)","0.44"
"9005","東急","東P","1654.0","-3.0(-0.18%)","0.41"
"9006","京浜急行電鉄","東P","1572.5","-5.5(-0.35%)","0.39"
"9007","小田急電鉄","東P","1678.0","-26.0(-1.53%)","0.47"
"9008","京王電鉄","東P","755.4","-20.1(-2.59%)","0.54"
"9009","京成電鉄","東P","1072.5","-12.5(-1.15%)","0.59"
"9010","富士急行","東P","2084","+0.0(+0.00%)","0.65"
"9012","秩父鉄道","東S","2113","-37.0(-1.72%)","0.08"
"9017","新潟交通","東S","1967","+6.0(+0.31%)","0.09"
"9020","東日本旅客鉄道","東P","3682.0","-84.0(-2.23%)","0.42"
"9021","西日本旅客鉄道","東P","2735.5","+4.5(+0.16%)","0.50"
"9022","東海旅客鉄道","東P","3557.0","-77.0(-2.12%)","0.58"
"9024","西武ＨＬＤＧ","東P","3130.0","-284.0(-8.32%)","0.63"
"9025","鴻池運輸","東P","2711","-51.0(-1.85%)","0.70"
"9027","ロジネット　ジャパン","札","4070","-5.0(-0.12%)","0.27"
"9028","ゼロ","東S","3495","+30.0(+0.87%)","0.96"
"9029","ヒガシＨＬＤＧ","東S","1985","-21.0(-1.05%)","0.73"
"9031","西日本鉄道","東P","2781.5","+18.5(+0.67%)","0.56"
"9033","広島電鉄","東S","609","+0.0(+0.00%)","0.25"
"9034","南総通運","東S","1593","+3.0(+0.19%)","0.57"
"9035","第一交通産業","福","728","-2.0(-0.27%)","0.24"
"9036","東部ネットワーク","東S","1301","+16.0(+1.25%)","0.59"
"9037","ハマキョウレックス","東P","1850","-5.0(-0.27%)","0.59"
"9039","サカイ引越センター","東P","2816","+11.0(+0.39%)","0.50"
"9040","大宝運輸","名M","-","- (-%)","0.19"
"9041","近鉄グループＨＬＤＧ","東P","3475.0","-147.0(-4.06%)","0.48"
"9042","阪急阪神ＨＬＤＧ","東P","4918.0","+131.0(+2.74%)","0.42"
"9044","ＮＡＮＫＡＩ","東P","2900.0","-44.5(-1.51%)","0.57"
"9045","京阪ＨＬＤＧ","東P","3045.0","-19.0(-0.62%)","0.51"
"9046","神戸電鉄","東P","2427","+3.0(+0.12%)","0.40"
"9048","名古屋鉄道","東P","1896.5","+79.0(+4.35%)","0.41"
"9049","京福電気鉄道","東S","7370","+0.0(+0.00%)","0.35"
"9051","センコン物流","東S","-","- (-%)","0.35"
"9052","山陽電気鉄道","東P","1927","-56.0(-2.82%)","0.38"
"9057","遠州トラック","東S","3240","+135.0(+4.35%)","0.48"
"9059","カンダＨＬＤＧ","東S","879","+0.0(+0.00%)","0.58"
"9060","日本ロジテム","東S","4130","-265.0(-6.03%)","0.46"
"9063","岡山県貨物運送","東S","3945","-65.0(-1.62%)","0.64"
"9064","ヤマトＨＬＤＧ","東P","1727.0","-5.5(-0.32%)","0.34"
"9065","山九","東P","9088.0","+7.0(+0.08%)","0.66"
"9067","丸運","東S","941","+0.0(+0.00%)","0.63"
"9068","丸全昭和運輸","東P","7790","-190.0(-2.38%)","0.72"
"9069","センコーグループＨＬＤＧ","東P","2005.0","-26.5(-1.30%)","0.38"
"9072","ニッコンＨＬＤＧ","東P","5236.0","-75.0(-1.41%)","0.51"
"9073","京極運輸商事","東S","1217","-1.0(-0.08%)","0.64"
"9074","日本石油輸送","東S","5390","-90.0(-1.64%)","0.58"
"9075","福山通運","東P","5820","-50.0(-0.85%)","0.56"
"9076","セイノーＨＬＤＧ","東P","2567.5","+20.5(+0.80%)","0.34"
"9081","神奈川中央交通","東P","3245","-10.0(-0.31%)","0.49"
"9082","大和自動車交通","東S","1330","+31.0(+2.39%)","0.31"
"9083","神姫バス","東S","1987","+16.0(+0.81%)","0.09"
"9085","北海道中央バス","札","6320","-30.0(-0.47%)","0.31"
"9087","タカセ","東S","2211","-29.0(-1.29%)","0.27"
"9090","ＡＺ−ＣＯＭ丸和ＨＬＤＧ","東P","830","-17.0(-2.01%)","0.59"
"9101","日本郵船","東P","5558.0","+60.0(+1.09%)","0.76"
"9104","商船三井","東P","5851.0","-12.0(-0.20%)","0.80"
"9107","川崎汽船","東P","2541.0","+18.5(+0.73%)","1.07"
"9110","ＮＳユナイテッド海運","東P","7670","-270.0(-3.40%)","0.88"
"9115","明海グループ","東S","1218","-9.0(-0.73%)","0.75"
"9119","飯野海運","東P","1505","-26.0(-1.70%)","0.78"
"9127","玉井商船","東S","2993","+11.0(+0.37%)","0.73"
"9130","共栄タンカー","東S","1442","-37.0(-2.50%)","0.83"
"9142","九州旅客鉄道","東P","3628.0","-46.0(-1.25%)","0.43"
"9143","ＳＧ　ＨＬＤＧ","東P","1439.5","-4.5(-0.31%)","0.33"
"9145","ビーイングＨＬＤＧ","東S","541","-84.0(-13.44%)","0.48"
"9147","ＮＩＰＰＯＮ　ＥＸＰＲＥＳＳ","東P","4768.0","+58.0(+1.23%)","0.55"
"9158","シーユーシー","東G","735","+18.0(+2.51%)","1.10"
"9159","Ｗ　ＴＯＫＹＯ","東G","2118","+169.0(+8.67%)","0.83"
"9160","オンザページ","東S","295","-9.0(-2.96%)","0.52"
"9162","ブリーチ","東G","249","-12.0(-4.60%)","0.92"
"9163","ナレルグループ","東G","2218","+3.0(+0.14%)","0.65"
"9165","クオルテック","東G","1844","+161.0(+9.57%)","0.82"
"9166","ＧＥＮＤＡ","東G","477","-11.0(-2.25%)","1.26"
"9168","ライズ・コンサルティング・グル","東G","385","-3.0(-0.77%)","0.81"
"9170","成友興業","名M","4450","+450.0(+11.25%)","0.28"
"9171","栗林商船","東S","1811","+16.0(+0.89%)","0.94"
"9173","東海汽船","東S","3000","+5.0(+0.17%)","0.10"
"9193","東京汽船","東S","1040","-7.0(-0.67%)","0.68"
"9201","日本航空","東P","2521.0","-29.0(-1.14%)","0.63"
"9202","ＡＮＡ　ＨＬＤＧ","東P","2717.0","-28.0(-1.02%)","0.49"
"9204","スカイマーク","東G","336","+10.0(+3.07%)","0.59"
"9206","スターフライヤー","東S","1902","-20.0(-1.04%)","0.46"
"9211","エフ・コード","東G","1455","+30.0(+2.11%)","1.60"
"9212","Ｇｒｅｅｎ　Ｅａｒｔｈ　Ｉｎｓ","東G","342","+3.0(+0.88%)","0.81"
"9213","セイファート","東S","1019","+23.0(+2.31%)","0.48"
"9214","Ｒｅｃｏｖｅｒｙ　Ｉｎｔｅｒｎ","東G","1337","-4.0(-0.30%)","0.64"
"9215","ＣａＳｙ","東G","892","+3.0(+0.34%)","0.43"
"9216","ビーウィズ","東P","1960","+30.0(+1.55%)","0.60"
"9218","メンタルヘルステクノロジーズ","東G","685","-15.0(-2.14%)","0.84"
"9219","ギックス","東G","911","+2.0(+0.22%)","0.65"
"9220","エフビー介護サービス","東S","1235","-1.0(-0.08%)","0.45"
"9221","フルハシＥＰＯ","東S","1116","-13.0(-1.15%)","0.34"
"9223","ＡＳＮＯＶＡ","東G","405","-4.0(-0.98%)","0.41"
"9225","ブリッジコンサルティンググルー","東G","997","-84.0(-7.77%)","0.57"
"9227","マイクロ波化学","東G","813","-9.0(-1.09%)","1.40"
"9229","サンウェルズ","東P","181","-10.0(-5.24%)","1.16"
"9233","アジア航測","東S","1109","-59.0(-5.05%)","0.47"
"9235","売れるネット広告社グループ","東G","630","-3.0(-0.47%)","1.37"
"9236","ジャパンＭ＆Ａソリューション","東G","1230","+40.0(+3.36%)","0.92"
"9237","笑美面","東G","669","-12.0(-1.76%)","0.84"
"9238","バリュークリエーション","東G","592","+18.0(+3.14%)","0.95"
"9240","デリバリーコンサルティング","東G","456","+4.0(+0.88%)","0.94"
"9241","フューチャーリンクネットワーク","東G","1301","-1.0(-0.08%)","0.40"
"9242","メディア総研","東G","1890","-20.0(-1.05%)","0.45"
"9244","デジタリフト","東G","969","-2.0(-0.21%)","0.78"
"9245","リベロ","東G","1920","+9.0(+0.47%)","0.56"
"9246","プロジェクトＨＬＤＧ","東G","1040","+44.0(+4.42%)","0.68"
"9247","TRE ＨＬＤＧ","東P","1455","-151.0(-9.40%)","1.00"
"9248","人・夢・技術グループ","東S","1548","-51.0(-3.19%)","0.80"
"9249","日本エコシステム","東S","1576","+23.0(+1.48%)","0.43"
"9250","ＧＲＣＳ","東G","914","-1.0(-0.11%)","0.61"
"9251","ＡＢ＆Ｃｏｍｐａｎｙ","東G","1205","+9.0(+0.75%)","0.32"
"9252","ラストワンマイル","東G","3840","-25.0(-0.65%)","0.71"
"9253","スローガン","東G","750","+1.0(+0.13%)","0.43"
"9254","ラバブルマーケティンググループ","東G","1146","-14.0(-1.21%)","0.59"
"9256","サクシード","東G","1950","+226.0(+13.11%)","0.30"
"9257","ＹＣＰＨＬＤＧ（グローバル）","東G","-","- (-%)","0.20"
"9258","ＣＳ−Ｃ","東G","318","+8.0(+2.58%)","0.69"
"9259","タカヨシＨＬＤＧ","東G","836","-11.0(-1.30%)","0.61"
"9262","シルバーライフ","東S","760","+9.0(+1.20%)","0.75"
"9264","ポエック","東S","1659","-18.0(-1.07%)","0.96"
"9265","ヤマシタヘルスケアＨＬＤＧ","東S","3395","+35.0(+1.04%)","0.24"
"9267","Ｇｅｎｋｙ　ＤｒｕｇＳｔｏｒｅ","東P","3580","-40.0(-1.10%)","0.56"
"9268","オプティマスグループ","東S","397","-73.0(-15.53%)","1.07"
"9270","バリュエンスＨＬＤＧ","東G","2283","-5.0(-0.22%)","0.84"
"9271","和心","東G","1010","+60.0(+6.32%)","0.86"
"9272","ブティックス","東G","1332","-48.0(-3.48%)","0.73"
"9273","コーア商事ＨＬＤＧ","東P","810","-15.0(-1.82%)","0.85"
"9274","ＫＰＰグループＨＬＤＧ","東P","971","+0.0(+0.00%)","0.88"
"9278","ブックオフグループＨＬＤＧ","東P","2023","-27.0(-1.32%)","0.64"
"9279","ギフトＨＬＤＧ","東P","4100","-260.0(-5.96%)","0.64"
"9282","いちごグリーンインフラ投資法人","東IF","58000","-1,400.0(-2.36%)","0.28"
"9284","カナディアン・ソーラー・インフ","東IF","89900","-300.0(-0.33%)","0.26"
"9285","東京インフラ・エネルギー投資","東IF","49500","-150.0(-0.30%)","0.32"
"9286","エネクス・インフラ投資法人","東IF","58400","-400.0(-0.68%)","0.25"
"9301","三菱倉庫","東P","1416.5","-8.5(-0.60%)","0.74"
"9302","三井倉庫ＨＬＤＧ","東P","3898.0","-82.0(-2.06%)","0.47"
"9303","住友倉庫","東P","3915","-50.0(-1.26%)","0.49"
"9304","澁澤倉庫","東P","1402","-20.0(-1.41%)","0.54"
"9305","ヤマタネ","東P","1985","-45.0(-2.22%)","0.65"
"9306","東陽倉庫","東S","2071","-25.0(-1.19%)","0.54"
"9307","杉村倉庫","東S","1008","+17.0(+1.72%)","0.82"
"9308","乾汽船","東S","1570","-44.0(-2.73%)","0.74"
"9310","日本トランスシティ","東P","1196","-16.0(-1.32%)","0.88"
"9311","アサガミ","東S","7880","-80.0(-1.01%)","0.34"
"9312","ケイヒン","東S","2986","-64.0(-2.10%)","0.80"
"9313","丸八倉庫","東S","1069","+10.0(+0.94%)","0.49"
"9319","中央倉庫","東P","1942","-35.0(-1.77%)","0.67"
"9322","川西倉庫","東S","2198","-187.0(-7.84%)","0.35"
"9324","安田倉庫","東P","2224","-63.0(-2.75%)","0.70"
"9325","ファイズＨＬＤＧ","東S","1252","+10.0(+0.81%)","0.73"
"9326","関通ＨＬＤＧ","東G","406","-2.0(-0.49%)","0.52"
"9327","イー・ロジット","東S","211","+0.0(+0.00%)","1.28"
"9330","揚羽","東G","839","-5.0(-0.59%)","0.66"
"9331","キャスター","東G","703","-5.0(-0.71%)","0.76"
"9332","ＮＩＳＳＯＨＬＤＧ","東P","583","+11.0(+1.92%)","0.90"
"9336","大栄環境","東P","4145","-155.0(-3.60%)","0.53"
"9337","トリドリ","東G","1935","+205.0(+11.85%)","1.16"
"9338","ＩＮＦＯＲＩＣＨ","東G","4525","-5.0(-0.11%)","1.05"
"9339","コーチ・エィ","東S","1256","-8.0(-0.63%)","0.34"
"9340","アソインターナショナル","東S","695","-2.0(-0.29%)","0.66"
"9341","ＧＥＮＯＶＡ","東P","562","-8.0(-1.40%)","0.90"
"9342","スマサポ","東G","837","-8.0(-0.95%)","0.71"
"9343","アイビス","東G","798","-2.0(-0.25%)","1.11"
"9344","アクシスコンサルティング","東G","949","+22.0(+2.37%)","0.60"
"9345","ビズメイツ","東G","576","+2.0(+0.35%)","0.38"
"9346","ココルポート","東G","1668","+28.0(+1.71%)","0.69"
"9347","日本管財ＨＬＤＧ","東P","2805","-23.0(-0.81%)","0.39"
"9348","ｉｓｐａｃｅ","東G","496","-10.0(-1.98%)","1.29"
"9351","東洋埠頭","東S","1912","-25.0(-1.29%)","0.40"
"9353","櫻島埠頭","東S","2355","+21.0(+0.90%)","0.79"
"9355","リンコーコーポレーション","東S","2151","-4.0(-0.19%)","0.41"
"9357","名港海運","名M","2360","-20.0(-0.84%)","0.57"
"9359","伊勢湾海運","名M","970","+26.0(+2.75%)","0.45"
"9360","鈴与シンワート","東S","2925","-51.0(-1.71%)","0.72"
"9361","伏木海陸運送","東S","2200","+10.0(+0.46%)","0.37"
"9362","兵機海運","東S","-","- (-%)","0.41"
"9363","大運","東S","505","-1.0(-0.20%)","0.92"
"9364","上組","東P","4902.0","-98.0(-1.96%)","0.47"
"9365","トレーディア","東S","1508","-1.0(-0.07%)","0.39"
"9366","サンリツ","東S","957","+7.0(+0.74%)","0.47"
"9367","大東港運","東S","1958","-37.0(-1.85%)","0.27"
"9368","キムラユニティー","東S","891","-6.0(-0.67%)","0.68"
"9369","キユーソー流通システム","東S","2780","-56.0(-1.97%)","0.96"
"9376","ユーラシア旅行社","東S","801","-5.0(-0.62%)","0.66"
"9380","東海運","東S","398","-3.0(-0.75%)","0.43"
"9381","エーアイテイー","東P","2233","-27.0(-1.19%)","0.65"
"9385","ショーエイコーポレーション","東S","689","+15.0(+2.23%)","0.41"
"9399","ビートＨＬＤＧ","東S","25","-2.0(-7.41%)","0.54"
"9401","ＴＢＳＨＬＤＧ","東P","5815.0","-159.0(-2.66%)","0.97"
"9402","中部日本放送","名P","1149","-19.0(-1.63%)","0.63"
"9404","日本テレビＨＬＤＧ","東P","2871.0","-48.5(-1.66%)","0.76"
"9405","朝日放送グループＨＬＤＧ","東P","774","-5.0(-0.64%)","0.50"
"9407","ＲＫＢ毎日ＨＬＤＧ","福","-","- (-%)","0.13"
"9408","ＢＳＮメディアＨＬＤＧ","東S","2750","+0.0(+0.00%)","0.42"
"9409","テレビ朝日ＨＬＤＧ","東P","3040","+5.0(+0.16%)","0.82"
"9412","スカパーＪＳＡＴ","東P","4040","-140.0(-3.35%)","1.12"
"9413","テレビ東京ＨＬＤＧ","東P","3875","-25.0(-0.64%)","0.81"
"9414","日本ＢＳ放送","東S","902","-6.0(-0.66%)","0.35"
"9416","ビジョン","東P","1004","-35.0(-3.37%)","0.79"
"9417","スマートバリュー","東S","284","-10.0(-3.40%)","1.02"
"9418","Ｕ−ＮＥＸＴ　ＨＬＤＧ","東P","1536","-15.0(-0.97%)","0.61"
"9419","ワイヤレスゲート","東S","288","+3.0(+1.05%)","0.28"
"9421","エヌジェイＨＬＤＧ","東S","665","+3.0(+0.45%)","0.38"
"9423","フォーバル・リアルストレート","東S","102","+1.0(+0.99%)","0.76"
"9424","日本通信","東P","121","-3.0(-2.42%)","1.00"
"9425","ＲｅＹｕｕ　Ｊａｐａｎ","東S","260","-4.0(-1.52%)","1.16"
"9428","クロップス","東S","-","- (-%)","0.38"
"9432","ＮＴＴ","東P","152.4","+0.6(+0.40%)","0.32"
"9433","ＫＤＤＩ","東P","2688.5","-35.5(-1.30%)","0.29"
"9434","ソフトバンク","東P","225.0","+0.0(+0.00%)","0.34"
"9435","光通信","東P","36960.0","-400.0(-1.07%)","0.72"
"9436","沖縄セルラー電話","東S","3395","+0.0(+0.00%)","0.39"
"9438","エムティーアイ","東P","564","-26.0(-4.41%)","0.75"
"9439","エム・エイチ・グループ","東S","241","-4.0(-1.63%)","0.45"
"9441","ベルパーク","東S","2746","+18.0(+0.66%)","0.30"
"9444","トーシンＨＬＤＧ","東S","229","+7.0(+3.15%)","0.39"
"9445","フォーバルテレコム","東S","552","+1.0(+0.18%)","0.42"
"9446","サカイＨＬＤＧ","東S","678","+0.0(+0.00%)","0.48"
"9449","ＧＭＯインターネットグループ","東P","3310.0","+231.0(+7.50%)","0.90"
"9450","ファイバーゲート","東S","712","+14.0(+2.01%)","0.68"
"9466","アイドママーケティングコミュニ","東S","226","-2.0(-0.88%)","0.44"
"9467","アルファポリス","東G","959","-157.0(-14.07%)","0.80"
"9468","ＫＡＤＯＫＡＷＡ","東P","3292.0","+35.0(+1.07%)","0.57"
"9470","学研ＨＬＤＧ","東P","957","-40.0(-4.01%)","0.48"
"9471","文溪堂","名M","1138","-5.0(-0.44%)","0.18"
"9474","ゼンリン","東P","869","-7.0(-0.80%)","0.40"
"9475","昭文社ＨＬＤＧ","東S","474","+2.0(+0.42%)","0.23"
"9476","中央経済社ＨＬＤＧ","東S","1010","+14.0(+1.41%)","0.47"
"9478","ＳＥ　Ｈ＆インキュベーションズ","東S","528","-15.0(-2.76%)","0.81"
"9501","東京電力ＨＬＤＧ","東P","558.5","-34.2(-5.77%)","1.09"
"9502","中部電力","東P","2727.0","+11.5(+0.42%)","0.61"
"9503","関西電力","東P","2276.0","-57.5(-2.46%)","0.90"
"9504","中国電力","東P","886.9","-23.4(-2.57%)","0.70"
"9505","北陸電力","東P","866.4","-40.8(-4.50%)","0.71"
"9506","東北電力","東P","1006.5","-45.0(-4.28%)","0.92"
"9507","四国電力","東P","1514.5","-27.0(-1.75%)","0.78"
"9508","九州電力","東P","1716.5","-68.5(-3.84%)","0.80"
"9509","北海道電力","東P","940.8","-40.1(-4.09%)","0.94"
"9511","沖縄電力","東P","927","-20.0(-2.11%)","0.58"
"9513","電源開発","東P","4234.0","-32.0(-0.75%)","0.53"
"9514","エフオン","東S","404","-16.0(-3.81%)","0.94"
"9517","イーレックス","東P","917","-50.0(-5.17%)","0.65"
"9519","レノバ","東P","1273","-73.0(-5.42%)","1.14"
"9531","東京瓦斯","東P","6565.0","-157.0(-2.34%)","0.54"
"9532","大阪瓦斯","東P","5650.0","-82.0(-1.43%)","0.63"
"9533","東邦瓦斯","東P","1269.5","-16.0(-1.24%)","0.52"
"9534","北海道瓦斯","東P","765","-19.0(-2.42%)","0.74"
"9535","広島ガス","東P","402","-12.0(-2.90%)","0.38"
"9536","西部ガスＨＬＤＧ","東P","2201","-60.0(-2.65%)","0.50"
"9537","北陸瓦斯","東S","4580","-275.0(-5.66%)","0.28"
"9539","京葉瓦斯","東S","1362","+5.0(+0.37%)","0.28"
"9543","静岡ガス","東P","1322","-29.0(-2.15%)","0.45"
"9551","メタウォーター","東P","3360","-155.0(-4.41%)","0.73"
"9552","クオンツ総研ＨＬＤＧ","東P","716","+100.0(+16.23%)","1.04"
"9553","マイクロアド","東G","683","-72.0(-9.54%)","1.29"
"9554","ＡＶｉＣ","東G","1642","+254.0(+18.30%)","1.27"
"9556","ＩＮＴＬＯＯＰ","東G","1751","-29.0(-1.63%)","1.18"
"9557","エアークローゼット","東G","201","-30.0(-12.99%)","0.57"
"9558","ジャパニアス","東G","2133","+11.0(+0.52%)","0.66"
"9560","プログリット","東G","696","-10.0(-1.42%)","0.78"
"9561","グラッドキューブ","東G","453","+19.0(+4.38%)","0.46"
"9562","ビジネスコーチ","東G","487","-98.0(-16.75%)","0.81"
"9563","Ａｔｌａｓ　Ｔｅｃｈｎｏｌｏｇ","東G","296","+5.0(+1.72%)","0.59"
"9564","ＦＣＥ","東S","481","+21.0(+4.57%)","0.73"
"9565","ＧＬＯＥ","東G","679","-9.0(-1.31%)","1.02"
"9601","松竹","東P","10420","-90.0(-0.86%)","0.36"
"9602","東宝","東P","1289.5","-27.5(-2.09%)","0.43"
"9603","エイチ・アイ・エス","東P","1026","-15.0(-1.44%)","0.59"
"9605","東映","東P","5860","-110.0(-1.84%)","0.49"
"9610","ウィルソン・ラーニング　ワール","東S","120","-34.0(-22.08%)","0.85"
"9612","ラックランド","東P","1346","-31.0(-2.25%)","0.80"
"9616","共立メンテナンス","東P","2502.0","+139.0(+5.88%)","0.76"
"9619","イチネンＨＬＤＧ","東P","2115","-19.0(-0.89%)","0.80"
"9621","建設技術研究所","東P","2734","-21.0(-0.76%)","0.86"
"9622","スペース","東P","1489","-18.0(-1.19%)","0.74"
"9625","セレスポ","東S","1083","-4.0(-0.37%)","0.52"
"9627","アインＨＬＤＧ","東P","5567.0","-26.0(-0.46%)","0.52"
"9628","燦ＨＬＤＧ","東P","1396","+33.0(+2.42%)","0.78"
"9629","ピー・シー・エー","東P","1165","-65.0(-5.28%)","0.48"
"9632","スバル興業","東S","3485","-20.0(-0.57%)","0.74"
"9633","東京テアトル","東S","1638","+5.0(+0.31%)","0.22"
"9635","武蔵野興業","東S","2585","+0.0(+0.00%)","0.18"
"9636","きんえい","東S","4190","+0.0(+0.00%)","0.11"
"9639","三協フロンテア","東S","2150","-28.0(-1.29%)","0.34"
"9640","セゾンテクノロジー","東S","2195","-15.0(-0.68%)","0.43"
"9643","中日本興業","名M","-","- (-%)","0.10"
"9644","タナベコンサルティンググループ","東P","731","-1.0(-0.14%)","0.90"
"9647","協和コンサルタンツ","東S","7260","-110.0(-1.49%)","0.60"
"9651","日本プロセス","東S","1845","-2.0(-0.11%)","0.47"
"9656","グリーンランドリゾート","東S","617","+0.0(+0.00%)","0.34"
"9658","ビジネスブレイン太田昭和","東P","941","-27.0(-2.79%)","0.69"
"9661","歌舞伎座","東S","4460","+5.0(+0.11%)","0.08"
"9663","ナガワ","東P","5130","-190.0(-3.57%)","0.64"
"9664","御園座","名M","1561","+8.0(+0.52%)","0.15"
"9672","東京都競馬","東P","4935","-285.0(-5.46%)","0.59"
"9678","カナモト","東P","4785","-20.0(-0.42%)","0.73"
"9679","ホウライ","東S","-","- (-%)","0.31"
"9682","ＤＴＳ","東P","1020","-5.0(-0.49%)","0.69"
"9684","スクウェア・エニックスＨＬＤＧ","東P","2662.5","+8.5(+0.32%)","0.47"
"9685","ＫＹＣＯＭ　ＨＬＤＧ","東S","580","-20.0(-3.33%)","0.84"
"9686","東洋テック","東S","1546","+1.0(+0.06%)","0.52"
"9687","ＫＳＫ","東S","4305","-40.0(-0.92%)","0.59"
"9691","両毛システムズ","東S","5190","+220.0(+4.43%)","0.69"
"9692","シーイーシー","東P","1961","+14.0(+0.72%)","0.77"
"9697","カプコン","東P","3042.0","-23.0(-0.75%)","0.91"
"9698","クレオ","東S","1205","+1.0(+0.08%)","0.51"
"9699","ニシオＨＬＤＧ","東P","3975","-115.0(-2.81%)","0.84"
"9701","東京會舘","東S","4035","-100.0(-2.42%)","0.21"
"9702","アイ・エス・ビー","東P","2284","+10.0(+0.44%)","0.73"
"9704","アゴーラ　ホスピタリティー","東S","31","-4.0(-11.43%)","1.08"
"9706","日本空港ビルデング","東P","5010.0","-27.0(-0.54%)","0.74"
"9708","帝国ホテル","東S","1019","-89.0(-8.03%)","0.38"
"9709","ＮＣＳ＆Ａ","東S","1391","+30.0(+2.20%)","0.65"
"9713","ロイヤルホテル","東S","906","+3.0(+0.33%)","0.64"
"9715","トランス・コスモス","東P","3845","-45.0(-1.16%)","0.35"
"9716","乃村工藝社","東P","1151","-17.0(-1.46%)","0.69"
"9720","ホテル、ニューグランド","東S","5700","-10.0(-0.18%)","0.38"
"9722","藤田観光","東P","1906","+1.0(+0.05%)","1.03"
"9723","京都ホテル","東S","647","+15.0(+2.37%)","0.56"
"9726","ＫＮＴ―ＣＴ　ＨＬＤＧ","東S","1918","+14.0(+0.74%)","0.98"
"9729","トーカイ","東P","2417","-26.0(-1.06%)","0.69"
"9731","白洋舎","東S","3500","+30.0(+0.86%)","0.62"
"9733","ナガセ","東S","2287","+20.0(+0.88%)","0.44"
"9735","セコム","東P","6127.0","-36.0(-0.58%)","0.42"
"9739","ＮＳＷ","東P","2512","+4.0(+0.16%)","0.89"
"9740","セントラル警備保障","東P","2597","-73.0(-2.73%)","0.63"
"9742","アイネス","東P","2031","-13.0(-0.64%)","0.71"
"9743","丹青社","東P","1407","-17.0(-1.19%)","0.64"
"9744","メイテックグループＨＬＤＧ","東P","3020.0","-2.0(-0.07%)","0.48"
"9746","ＴＫＣ","東P","3465","-45.0(-1.28%)","0.40"
"9753","アイエックス・ナレッジ","東S","1280","-20.0(-1.54%)","0.63"
"9755","応用地質","東P","2861","-24.0(-0.83%)","0.90"
"9757","船井総研ＨＬＤＧ","東P","1082","-2.0(-0.18%)","0.64"
"9759","ＮＳＤ","東P","2626.0","+26.0(+1.00%)","0.49"
"9760","進学会ＨＬＤＧ","東S","117","-5.0(-4.10%)","0.36"
"9761","東海リース","東S","2230","-43.0(-1.89%)","0.85"
"9763","丸建リース","東S","1266","-26.0(-2.01%)","0.84"
"9765","オオバ","東P","1206","-4.0(-0.33%)","0.58"
"9766","コナミグループ","東P","18735.0","-915.0(-4.66%)","0.76"
"9767","日建工学","東S","1509","+6.0(+0.40%)","0.37"
"9768","いであ","東S","3340","+5.0(+0.15%)","0.71"
"9769","学究社","東P","2410","+109.0(+4.74%)","0.44"
"9778","昴","東S","5510","-70.0(-1.25%)","0.32"
"9780","ハリマビステム","東S","912","-13.0(-1.41%)","0.56"
"9782","ディーエムエス","東S","3285","+294.0(+9.83%)","0.72"
"9788","ナック","東P","509","-3.0(-0.59%)","0.51"
"9790","福井コンピュータＨＬＤＧ","東P","3105","-20.0(-0.64%)","0.65"
"9791","ビケンテクノ","東S","1136","-154.0(-11.94%)","0.47"
"9793","ダイセキ","東P","4335","-55.0(-1.25%)","0.65"
"9795","ステップ","東P","2229","-23.0(-1.02%)","0.41"
"9799","旭情報サービス","東S","942","-8.0(-0.84%)","0.49"
"9812","テーオーＨＬＤＧ","東S","242","-1.0(-0.41%)","0.97"
"9816","ストライダーズ","東S","303","-11.0(-3.50%)","0.81"
"9818","大丸エナウィン","東S","1881","-1.0(-0.05%)","0.29"
"9820","エムティジェネックス","東S","3525","+0.0(+0.00%)","0.46"
"9823","マミーマートＨＬＤＧ","東S","1050","-32.0(-2.96%)","0.73"
"9824","泉州電業","東P","6340","-120.0(-1.86%)","0.90"
"9827","リリカラ","東S","600","-13.0(-2.12%)","0.62"
"9828","Ｇｅｎｋｉ　Ｇｌｏｂａｌ　Ｄｉ","東S","2668","-36.0(-1.33%)","0.80"
"9830","トラスコ中山","東P","2229","-20.0(-0.89%)","0.77"
"9831","ヤマダＨＬＤＧ","東P","571.6","-0.4(-0.07%)","0.41"
"9832","オートバックスセブン","東P","1495","-25.0(-1.64%)","0.40"
"9835","ジュンテンドー","東S","508","+3.0(+0.59%)","0.20"
"9837","モリト","東P","1886","-19.0(-1.00%)","0.70"
"9842","アークランズ","東P","1787","-23.0(-1.27%)","0.46"
"9843","ニトリＨＬＤＧ","東P","2426.5","+11.5(+0.48%)","0.16"
"9845","パーカーコーポレーション","東S","1354","-81.0(-5.64%)","0.55"
"9846","天満屋ストア","東S","965","+0.0(+0.00%)","0.19"
"9849","共同紙販ＨＬＤＧ","東S","4470","+5.0(+0.11%)","0.18"
"9850","グルメ杵屋","東P","982","-5.0(-0.51%)","0.44"
"9853","銀座ルノアール","東S","910","+4.0(+0.44%)","0.09"
"9854","愛眼","東S","234","+4.0(+1.74%)","0.49"
"9856","ケーユーＨＬＤＧ","東S","1143","-12.0(-1.04%)","0.79"
"9857","英和","東S","2390","-61.0(-2.49%)","0.74"
"9861","吉野家ＨＬＤＧ","東P","3125.0","-36.0(-1.14%)","0.21"
"9867","ソレキア","東S","10100","-20.0(-0.20%)","0.65"
"9869","加藤産業","東P","6000","-70.0(-1.15%)","0.47"
"9872","北恵","東S","885","-1.0(-0.11%)","0.44"
"9876","コックス","東S","217","-6.0(-2.69%)","0.79"
"9878","セキド","東S","452","-8.0(-1.74%)","0.59"
"9880","イノテック","東P","4540","+700.0(+18.23%)","1.08"
"9882","イエローハット","東P","1621","-16.0(-0.98%)","0.51"
"9885","シャルレ","東S","348","+0.0(+0.00%)","0.54"
"9887","松屋フーズＨＬＤＧ","東P","5000","+25.0(+0.50%)","0.29"
"9888","ＵＥＸ","東S","850","+0.0(+0.00%)","1.19"
"9889","ＪＢＣＣ　ＨＬＤＧ","東P","1192","+0.0(+0.00%)","0.66"
"9890","マキヤ","東S","1201","+1.0(+0.08%)","0.41"
"9895","コンセック","東S","1253","+2.0(+0.16%)","0.33"
"9896","ＪＫ　ＨＬＤＧ","東S","1321","-100.0(-7.04%)","0.70"
"9900","サガミＨＬＤＧ","東P","1723","-31.0(-1.77%)","0.43"
"9902","日伝","東P","2543","-22.0(-0.86%)","0.72"
"9903","カンセキ","東S","927","-1.0(-0.11%)","0.19"
"9904","ベリテ","東S","272","-1.0(-0.37%)","0.29"
"9906","藤井産業","東S","4235","-625.0(-12.86%)","0.57"
"9908","日本電計","東S","2523","+5.0(+0.20%)","0.47"
"9913","日邦産業","東S","4235","-155.0(-3.53%)","0.35"
"9914","植松商会","東S","678","-52.0(-7.12%)","0.23"
"9927","ワットマン","東S","964","+0.0(+0.00%)","0.01"
"9928","ミロク情報サービス","東P","1722","+12.0(+0.70%)","0.73"
"9929","平和紙業","東S","465","+0.0(+0.00%)","0.19"
"9930","北沢産業","東S","353","-4.0(-1.12%)","0.38"
"9932","杉本商事","東P","1191","-16.0(-1.33%)","1.06"
"9934","因幡電機産業","東P","2791.5","-37.5(-1.33%)","0.64"
"9936","王将フードサービス","東P","2751","-82.0(-2.89%)","0.43"
"9941","太洋物産","東S","893","-29.0(-3.15%)","0.26"
"9942","ジョイフル","福","1246","-7.0(-0.56%)","0.13"
"9946","ミニストップ","東P","1900","-3.0(-0.16%)","0.36"
"9948","アークス","東P","3380","-80.0(-2.31%)","0.35"
"9950","ハチバン","東S","3400","+0.0(+0.00%)","0.11"
"9955","ヨンキュウ","東S","2541","+0.0(+0.00%)","0.27"
"9956","バローＨＬＤＧ","東P","3660","-110.0(-2.92%)","0.45"
"9959","アシードＨＬＤＧ","東S","830","-16.0(-1.89%)","0.34"
"9960","東テク","東P","3870","-155.0(-3.85%)","1.00"
"9962","ミスミグループ本社","東P","3151.0","-78.0(-2.42%)","1.18"
"9969","ショクブン","東S","227","-2.0(-0.87%)","0.39"
"9972","アルテック","東S","267","-1.0(-0.37%)","0.62"
"9973","ＫＯＺＯＨＬＤＧ","東S","22","+0.0(+0.00%)","0.21"
"9974","ベルク","東P","6510","-120.0(-1.81%)","0.63"
"9976","セキチュー","東S","-","- (-%)","0.27"
"9978","文教堂グループＨＬＤＧ","東S","47","+0.0(+0.00%)","1.08"
"9979","大庄","東S","1046","-19.0(-1.78%)","0.44"
"9980","ＭＲＫ　ＨＬＤＧ","東S","98","-2.0(-2.00%)","0.54"
"9982","タキヒヨー","東S","2794","-15.0(-0.53%)","0.70"
"9983","ファーストリテイリング","東P","70190.0","-1,440.0(-2.01%)","0.86"
"9984","ソフトバンクグループ","東P","5593.0","-152.0(-2.65%)","1.72"
"9986","蔵王産業","東S","2560","-35.0(-1.35%)","0.08"
"9987","スズケン","東P","5272.0","-39.0(-0.73%)","0.56"
"9989","サンドラッグ","東P","3748.0","-12.0(-0.32%)","0.34"
"9990","サックスバー　ＨＬＤＧ","東P","713","-19.0(-2.60%)","0.33"
"9991","ジェコス","東P","1541","-49.0(-3.08%)","0.86"
"9993","ヤマザワ","東S","1150","-2.0(-0.17%)","0.13"
"9994","やまや","東S","2056","-238.0(-10.37%)","0.40"
"9996","サトー商会","東S","2105","-70.0(-3.22%)","0.20"
"9997","ベルーナ","東P","908","-22.0(-2.37%)","0.67"